notebook_id,total_execution_time
86dba86754,0.0
57aeee35c9,0.0
33267e5dc5,0.0
cf67355a33,0.0
831caa1b60,0.0
c92a103243,0.0
2a79ea27c2,0.0
5d4ae76f05,0.0
bedc7106ff,0.0
8ebda540cb,0.0
94f6d7e04a,0.0
92cc227532,0.0
299fb2142d,0.0
aa6b7ad9d6,0.0
978fce5bcc,0.0
fa7cdfad1a,0.0
ea6b2efbdd,0.0
0c048b3a43,0.0
d7a84628c0,0.0
28e209b61a,0.0
074177d3eb,0.0
7876acb666,0.0
ad972f10e0,0.0
f2201f5191,0.0
e00406144c,0.0
086af6e464,0.0
a1d7311f2a,0.0
7e05d6f828,0.0
540ae6b0f6,0.0
be3e9d3f7d,0.0
186a157b29,0.0
d2ddea18f0,0.0
c429429bf1,0.0
0070d23b06,0.0
806fec5af7,0.0
690d83983a,0.0
bb7946e7d8,0.0
fc22130974,0.0
b6edc1cd1f,0.0
ba95d78a7c,0.0
3eb414bf1c,0.0
ce6c92303f,0.0
e8d92f99ed,0.0
dfce06801e,0.0
4e2545f819,0.0
70afbf2259,0.0
bdc4626aa1,0.0
2838023a77,0.0
b181eaa49f,0.0
52cf49fea5,0.0
9308b0d6e5,0.0
028ee72415,0.0
285e19f20b,0.0
5e4450dc93,0.0
cdf1e288ca,0.0
182be0c5cd,0.0
dabd8d2ce7,0.0
a03fa30821,0.0
5edc4f7dce,0.0
bf424cb7b0,0.0
5812f92450,0.0
4462bf0ddb,0.0
dc5d637ed5,0.0
3937230de3,0.0
b08354f368,0.0
ef2a4be547,0.0
2ab56412b1,0.0
eaa52f3366,0.0
f42c7f9c8a,0.0
831b1ac54c,0.0
feecee9f16,0.0
db1915052d,0.0
4baf54f369,0.0
57f04bb297,0.0
8c249675ae,0.0
a8849b0524,0.0
ab4f2b5fd9,0.0
35d02fef7d,0.0
feade1d204,0.0
7bfa32686d,0.0
37968ad196,0.0
3569df159e,0.0
6211080fa8,0.0
3636638817,0.0
69421f0324,0.0
95f6870ff3,0.0
c9f06bc7b4,0.0
23d2e15785,0.0
41c542dfe6,0.0
2c6ae45a3e,0.0
2468192842,0.0
051928341b,0.0
a01610228f,0.0
f8da71e562,0.0
0e9d935f7e,0.0
872488f88d,0.0
57c0531e13,0.0
92a0e7a415,0.0
b73dfe25b4,0.0
ca75910166,0.0
ed3d2c2199,0.0
2f4fe03d77,0.0
3e9e39fed3,0.0
185c29dc24,0.0
a3d06db1f8,0.0
4da9d7b6d1,0.0
f1b0775946,0.0
41f1f19176,0.0
3e89ebdb49,0.0
217e342fc0,0.0
75806e8a1c,0.0
50a074e6a8,0.0
b0bef4c9a6,0.0
9a49a25d84,0.0
95c9d994f8,0.0
82aa4b0af3,0.0
6f518c31f6,0.0
0ed9422357,0.0
d010396ca8,0.0
e8a642ed6a,0.0
ec1f850d93,0.0
4ab5237176,0.0
e06f967fb0,0.0
331cc28f87,0.0
2f55707d41,0.0
663772ea08,0.0
a684eceee7,0.0
6c8dba7d0d,0.0
e0c7ccc47b,0.0
208e43f0e4,0.0
ffeabd223d,0.0
d8c9d05ec6,0.0
e0c641195b,0.0
d38901788c,0.0
7dc1c7653a,0.0
a51fb97522,0.0
63cb524a9f,0.0
b0b79da57b,0.0
798ed7d4ee,0.0
9bab7341f4,0.0
102f0bb6ef,0.0
941e1aaaba,0.0
aace49c7d8,0.0
4588e674d3,0.0
6081594975,0.0
0738069b24,0.0
1731592aca,0.0
3a61ed715e,0.0
25766f0162,0.0
0ebcc77dc7,0.0
e22cb9d6bb,0.0
5314b9674c,0.0
5f268dfb0f,0.0
2ac2406e83,0.0
6e3197aae9,0.0
a597e50502,0.0
1517c8664b,0.0
a34bacf839,0.0
6f3e29a352,0.0
82b8a34349,0.0
efdf562ce2,0.0
56a8da1d3b,0.0
c4d2ce3f3e,0.0
d709f38ef7,0.0
2d3acd3e24,0.0
ab24cd2b81,0.0
31c97cbb94,0.0
7d12b66d3d,0.0
4476b929e3,0.0
18bb68e2b3,0.0
8e68c3c7bf,0.0
211c1e0b83,0.0
8c01a75941,0.0
86d7c8a08b,0.0
347665597c,0.0
5b5e6cc50c,0.0
17e23e50be,0.0
299570476c,0.0
357a6fdf76,0.0
207f88018f,0.0
fe7ecc4de2,0.0
16d11e9595,0.0
c913303f39,0.0
6aed000af8,0.0
c0560792e4,0.0
bcb41ccdc4,0.0
0e900ad84f,0.0
1558417b09,0.0
d2a27e83d4,0.0
5e6bd7a697,0.0
958adb5768,0.0
2974788b53,0.0
8f14e45fce,0.0
0771fc6f0f,0.0
f55cadb97e,0.0
fc6709bfdf,0.0
860320be12,0.0
eba0dc302b,0.0
e5b294b70c,0.0
c81e728d9d,0.0
b628386c9b,0.0
7d04bbbe54,0.0
d6bcb486f7,0.0
8c8a58fa97,0.0
250cf8b51c,0.0
87f7ee4fdb,0.0
e8258e5140,0.0
c3a690be93,0.0
ad3019b856,0.0
0537fb40a6,0.0
148260a1ce,0.0
7c9d0b1f96,0.0
db209d71df,0.0
5b4130c9e8,0.0
a3545bd79d,0.0
c9efe5f26c,0.0
5d79099fcd,0.0
1bd4b29a8e,0.0
f8f5161cf9,0.0
ce78d1da25,0.0
0e4f5cc9f4,0.0
62021a1833,0.0
138bb06965,0.0
2e74c2cf88,0.0
3983e1512a,0.0
60a0575ee6,0.0
f9b902fc32,0.0
c9f0f895fb,0.0
c9f95a0a5a,0.0
3948ead63a,0.0
c6f798b844,0.0
aff1621254,0.0
49182f81e6,0.0
fea9c11c4a,0.0
6915849303,0.0
14491b756b,0.0
50cf0763d8,0.0
fface8385a,0.0
b5a1d92522,0.0
801272ee79,0.0
5c936263f3,0.0
0937fb5864,0.0
b8c37e33de,0.0
1543843a47,0.0
6abcc8f243,0.0
b5488aeff4,0.0
78d69f4090,0.0
07a96b1f61,0.0
7cbbc409ec,0.0
a3d68b461b,0.0
08419be897,0.0
4ba29b9f9e,0.0
4edaa105d5,0.0
647bba3443,0.0
7bb060764a,0.0
f5deaeeae1,0.0
92fde850d8,0.0
a97da629b0,0.0
81c650caac,0.0
109a0ca3bc,0.0
daca41214b,0.0
da974f5eba,0.0
7250eb93b3,0.0
1d2a48c55f,0.0
7200798384,0.0
93db85ed90,0.0
d04d42cdf1,0.0
b056eb1587,0.0
42547f5a44,0.0
da0b566359,0.0
16a5cdae36,0.0
f80bf05527,0.0
2d405b3671,0.0
4625d8e31d,0.0
6950aa02ae,0.0
83cdcec08f,0.0
4172f31012,0.0
5ac8bb8a7d,0.0
beb22fb694,0.0
6364d3f0f4,0.0
61b1fb3f59,0.0
88479e328a,0.0
74d90aafda,0.0
f471223d1a,0.0
ba3e9b6a51,0.0
7716d0fc31,0.0
706608cfdb,0.0
6f4922f455,0.0
758be1f9f7,0.0
96ea64f3a1,0.0
b5c0150304,0.0
f33ba15eff,0.0
6fd6b030c6,0.0
ca0daec69b,0.0
566a9968b4,0.0
5bce843dd7,0.0
c86a7ee3d8,0.0
8b313cbf30,0.0
8c3039bd58,0.0
fb60d411a5,0.0
8d5e957f29,0.0
532b81fa22,0.0
4b04a686b0,0.0
8d30aa96e7,0.0
9185f3ec50,0.0
8430b32b5b,0.0
81ca0262c8,0.0
e46bc064f8,0.0
9908279ebb,0.0
fec8d47d41,0.0
3416a75f4c,0.0
9657c1fffd,0.0
81e5f81db7,0.0
b7892fb3c2,0.0
de3c1a733c,0.0
5b8add2a5d,0.0
8cbd005a55,0.0
6ecbdd6ec8,0.0
66e8ba8216,0.0
60495b4e03,0.0
f4a4da9aa7,0.0
332647f433,0.0
959ef47788,0.0
1d8d70dddf,0.0
85690f81aa,0.0
f2b5e92f61,0.0
fde9264cf3,0.0
6e7d2da6d3,0.0
0d0871f080,0.0
a501bebf79,0.0
f3d9de8646,0.0
dfeb9598fb,0.0
1f34004ebc,0.0
ef35613fc5,0.0
3baa271bc3,0.0
7f141cf8e7,0.0
c6447300d9,0.0
e8e0dd181e,0.0
0bed45bd57,0.0
a3147b8825,0.0
43feaeeecd,0.0
e744f91c29,0.0
1e1d184167,0.0
e8f2779682,0.0
158fc2ddd5,0.0
4e4e53aa08,0.0
550a141f12,0.0
a292f1c587,0.0
4c144c47ec,0.0
5227b6aaf2,0.0
335f535208,0.0
ddeebdeefd,0.0
0b105cf150,0.0
1340ccf247,0.0
c5b270a763,0.0
37f0e884fb,0.0
366f0bc7bd,0.0
e4bb4c5173,0.0
6a450490f2,0.0
b4aa00bc1c,0.0
4fa91c1901,0.0
8ce5d98937,0.0
6f3a770e5a,0.0
0c1c995b77,0.0
cfa5301358,0.0
5a9d8bf5b7,0.0
6cd9313ed3,0.0
7553e94d39,0.0
18a010d2a9,0.0
d87ca511e2,0.0
d3157f2f02,0.0
6c340f2583,0.0
e945de21a1,0.0
bd686fd640,0.0
7cc234202e,0.0
86c5167835,0.0
dd77279f7d,0.0
7e9e346dc5,0.0
7da18d0326,0.0
b3e3e393c7,0.0
277a78fc05,0.0
db6ebd0566,0.0
ac796a52db,0.0
070dbb6024,0.0
19485224d1,0.0
9cb67ffb59,0.0
53c3bce66e,0.0
f48c04ffab,0.0
96b9bff013,0.0
b147a61c1d,0.0
3d863b367a,0.0
84f0f20482,0.0
e727fa59dd,0.0
f61d694746,0.0
735143e9ff,0.0
30a0b73609,0.0
2cfa3753d6,0.0
c91591a8d4,0.0
0189caa552,0.0
92977ae4d2,0.0
3ce83f544d,0.0
dc16622ddc,0.0
92bf5e6240,0.0
ab8aa05e78,0.0
3f900db260,0.0
01e00f2f4b,0.0
85f007f8c5,0.0
378a063b8f,0.0
097e26b2ff,0.0
473447ac58,0.0
e1fc9c082d,0.0
ba3866600c,0.0
6f1d0705c9,0.0
1625abb8e4,0.0
c65d7bd70f,0.0
894db62f7b,0.0
cd0f74b595,0.0
cd3bbc2d7c,0.0
c44e503833,0.0
7a430339c1,0.0
68264bdb65,0.0
c7558e9d1f,0.0
7c4bf50b71,0.0
3a20f62a0a,0.0
d045c59a90,0.0
c61fbef63d,0.0
65fc52ed8f,0.0
b1c00bcd4b,0.0
b5f1e8fb36,0.0
dcda54e292,0.0
23c97e9cb9,0.0
ee0e952492,0.0
2dea61eed4,0.0
e93028bdc1,0.0
56c51a39a7,0.0
1b79b52d1b,0.0
17326d10d5,0.0
27584e8cef,0.0
8f85517967,0.0
d7619beb6e,0.0
99c5e07b4d,0.0
a5e308070b,0.0
97275a23ca,0.0
f095cedd23,0.0
77edbe5f89,0.0
854d6fae5e,0.0
e07bceab69,0.0
98bd65207e,0.0
57bafb2c2d,0.0
8f53295a73,0.0
8420d35940,0.0
efd7e9ed0e,0.0
3f4366aeb9,0.0
2ca65f58e3,0.0
333cb763fa,0.0
712a3c9878,0.0
3b92d18aa7,0.0
7a006957be,0.0
0004d0b59e,0.0
84f74ce451,0.0
769675d7c1,0.0
d9ff90f400,0.0
d54e99a6c0,0.0
d2350a54d7,0.0
da94cbeff5,0.0
1dba5eed88,0.0
0f46c64b74,0.0
1706f191d7,0.0
e7023ba77a,0.0
bdd8817990,0.0
14d9e8007c,0.0
db346ccb62,0.0
0640966322,0.0
06997f04a7,0.0
2297607a5d,0.0
54fda78aa8,0.0
f23b3df742,0.0
3c7781a36b,0.0
cba0a4ee5c,0.0
e22312179b,0.0
9afefc5294,0.0
fbfe5ba2ce,0.0
10a5ab2db3,0.0
9fc664916b,0.0
ca1d3153a1,0.0
45e8140983,0.0
9b8f0779ba,0.0
d3f5d4de09,0.0
f64eac11f2,0.0
41e7637e7b,0.0
06eb61b839,0.0
d5e2c0adad,0.0
e3ca0449fa,0.0
9c72e0c888,0.0
91f9fec9b0,0.0
4f5a97cf06,0.0
8db9264228,0.0
f7e2b2b75b,0.0
0887f1a5b9,0.0
cf05968255,0.0
4c5bde74a8,0.0
4191ef5f6c,0.0
b6f0479ae8,0.0
85353d3b2f,0.0
ec8b57b0be,0.0
ac4e7a4f34,0.0
03593ce517,0.0
6c4bb406b3,0.0
4e477793df,0.0
70222949cc,0.0
7a54486317,0.0
f3f1b7fc5a,0.0
f337d999d9,0.0
e94f63f579,0.0
89fcd07f20,0.0
e1314fc026,0.0
2bb232c0b1,0.0
60519c3dd2,0.0
98b2979500,0.0
3f7bcd0b3e,0.0
9426c311e7,0.0
b618c3210e,0.0
7cac11e2f4,0.0
4dd9cec1c2,0.0
c563c2c394,0.0
43e04dd08b,0.0
b4df9f4940,0.0
14c879f3f5,0.0
b139e10421,0.0
4b4edc2630,0.0
46922a0880,0.0
b130029169,0.0
36072923bf,0.0
99f59c0842,0.0
da8ce53cf0,0.0
6403675579,0.0
7b41bfa508,0.0
8698ff9211,0.0
2723d092b6,0.0
a016070970,0.0
779efbd24d,0.0
b0a665a28e,0.0
58a2fc6ed3,0.0
7493454825,0.0
076023edc9,0.0
b994697479,0.0
9e82757e9a,0.0
faa9afea49,0.0
b59307fdac,0.0
f90f2aca5c,0.0
015e319335,0.0
810dfbbebb,0.0
19ca14e7ea,0.0
53c5b2affa,0.0
1068c6e4c8,0.0
b99d193b66,0.0
aee1bc7fa5,0.0
2e5c2cb8d1,0.0
1f3202d820,0.0
0aa1883c64,0.0
fe40fb944e,0.0
563ca5e068,0.0
4837ba5cd4,0.0
02bf86214e,0.0
d9896106ca,0.0
4d5b995358,0.0
130f1a8e9e,0.0
5a99158e0c,0.0
f0b1d58798,0.0
1cd73be1e2,0.0
46b2644cbd,0.0
af8d9c4e23,0.0
8d8818c8e1,0.0
6f2688a5fc,0.0
a82d922b13,0.0
0415740eaa,0.0
7dcd340d84,0.0
dea9ddb25c,0.0
5938b4d054,0.0
eecca5b636,0.0
af44c4c56f,0.0
d464b5ac99,0.0
fcde14913c,0.0
d96409bf89,0.0
d8847be3f7,0.0
c5dc3e0884,0.0
1c1d4df596,0.0
46515dcd99,0.0
1a6727711b,0.0
9683cc5f89,0.0
a58616464d,0.0
643de7cf7b,0.0
24b43fb034,0.0
9b698eb310,0.0
98986c005e,0.0
86e8f7ab32,0.0
d72fbbccd9,0.0
596dedf449,0.0
f516dfb84b,0.0
cdcb2f5c7b,0.0
d860bd12ce,0.0
edb684859b,0.0
0f2c9a93ee,0.0
e60e81c4cb,0.0
eefc9e10eb,0.0
c3395dd46c,0.0
0f65caf0a7,0.0
8fc983a913,0.0
64c53a52cb,0.0
1534b76d32,0.0
0353ab4cbe,0.0
752d2c9ecf,0.0
4a47d2983c,0.0
c76db12c82,0.0
f016f25df0,0.0
fd69dbe29f,0.0
6a8018b3a0,0.0
b1d10e7baf,0.0
bc7316929f,0.0
fddd7938a7,0.0
f87522788a,0.0
2de7cf2043,0.0
cd0cbcc668,0.0
4ad13f04ef,0.0
6cf821bc98,0.0
48df7b8e8d,0.0
069654d5ce,0.0
a9813e9550,0.0
970af30e48,0.0
c0f971d8cd,0.0
5531a58348,0.0
a2186aa7c0,0.0
1be883eec3,0.0
18d10dc6e6,0.0
2eb5657d37,0.0
3c333aadfc,0.0
f83630579d,0.0
cdd96eedd7,0.0
35cf8659cf,0.0
21fe5b8ba7,0.0
a4d41b834e,0.0
6f2268bd1d,0.0
0e55666a4a,0.0
9c82c7143c,0.0
325995af77,0.0
0084ae4bc2,0.0
6395ebd0f4,0.0
769ac34a40,0.0
e46de7e1bc,0.0
d37b3ca371,0.0
02180771a9,0.0
9c01802ddb,0.0
e0688d1395,0.0
577fd60255,0.0
2dace78f80,0.0
75455e0629,0.0
5d75b942ab,0.0
5a2756a3cb,0.0
ac34ae1fda,0.0
551cb238f4,0.0
353de26971,0.0
124461dcd3,0.0
996a7fa078,0.0
00e26af6ac,0.0
0bf727e907,0.0
d3a7f48c12,0.0
a7789ef88d,0.0
721e7285b2,0.0
635440afdf,0.0
c929f22103,0.0
dc6a648964,0.0
6cd67d9b6f,0.0
f1b6f2857f,0.0
b4d168b481,0.0
96a93ba89a,0.0
882735cbdf,0.0
0a2a51dac6,0.0
83fa5a432a,0.0
a05d886123,0.0
8d7d8ee069,0.0
6797423391,0.0
df263d9962,0.0
7eacb53257,0.0
f18a6d1cde,0.0
2a8a812400,0.0
86a1793f65,0.0
705f217283,0.0
47fd3c87f4,0.0
b3b43aeeac,0.0
8232e119d8,0.0
bc57386433,0.0
6ea9ab1baa,0.0
24f0d2c904,0.0
ffeed84c7c,0.0
443cb001c1,0.0
1b113258af,0.0
27669f3f14,0.0
bad5f33780,0.0
bd85282513,0.0
1bda4c789c,0.0
3a029f04d7,0.0
a8abb4bb28,0.0
5a5eab21ca,0.0
a4380923dd,0.0
5848ad9595,0.0
d30960ce77,0.0
e910a63844,0.0
3210ddbeaa,0.0
0d7de1aca9,0.0
f1676935f9,0.0
bd1354624f,0.0
c7b90b0fc2,0.0
31839b036f,0.0
8d9a6e908e,0.0
9d2682367c,0.0
8196e8d0f9,0.0
cb3ce9b069,0.0
9a86d531e1,0.0
cfbc6c5cfb,0.0
272e117005,0.0
53a1320cb5,0.0
4e87337f36,0.0
641d77dd52,0.0
34f9a343f9,0.0
9023effe3c,0.0
c30fb4dc55,0.0
d3802b1dc0,0.0
799de6d3da,0.0
a02ffd91ec,0.0
eb1e78328c,0.0
133b3752e5,0.0
d9fc5b73a8,0.0
2067e2650c,0.0
85422afb46,0.0
97008ea270,0.0
4079016d94,0.0
6c97cd0766,0.0
605ff764c6,0.0
583cf6a454,0.0
c3535febaf,0.0
1597d21403,0.0
a9eb812238,0.0
acab0116c3,0.0
743c41a921,0.0
8bdb505837,0.0
6098ed616e,0.0
309928d4b1,0.0
4e62e752ae,0.0
84b20b1f5a,0.0
403ea2e851,0.0
77f959f119,0.0
7647966b73,0.0
08b255a5d4,0.0
56577889b3,0.0
05a5cf0698,0.0
0bb4aec171,0.0
c0d0e461de,0.0
09e7655fc1,0.0
c60d060b94,0.0
7d265aa714,0.0
f3bd5ad57c,0.0
dd28e50635,0.0
2a38a4a931,0.0
eb76c035d5,0.0
d594b1a945,0.0
08f38e0434,0.0
2823f47971,0.0
dc20d1211f,0.0
0533a88890,0.0
95177e528f,0.0
a088ea2078,0.0
884d247c6f,0.0
70ece1e1e0,0.0
55a0df4b5a,0.0
56e6a93212,0.0
3bf55bbad3,0.0
814a9c18f5,0.0
2b7b82a7ec,0.0
f9fd2624be,0.0
b928fec593,0.0
063e26c670,0.0
5c151c2a9b,0.0
db576a7d24,0.0
c2964caac0,0.0
e53a0a2978,0.0
3eb2f1a066,0.0
821fa74b50,0.0
287e03db1d,0.0
0e4a2c65bd,0.0
75429d136f,0.0
7fa732b517,0.0
63dc7ed101,0.0
42e77b6363,0.0
ccb1d45fb7,0.0
f8b932c70d,0.0
69386f6bb1,0.0
52292e0c76,0.0
d09bf41544,0.0
5680522b8e,0.0
2b64c2f19d,0.0
8c9a14ffeb,0.0
83f97f4825,0.0
6562c5c1f3,0.0
24b16fede9,0.0
f0f6ba4b5e,0.0
226d1f15ec,0.0
f85454e827,0.0
bd470ca955,0.0
2df45244f0,0.0
af21d0c97d,0.0
4c27cea852,0.0
7edfd52220,0.0
b571ecea16,0.0
6d6968d87c,0.0
3fe94a0023,0.0
5f2c22cb4a,0.0
95f8d9901c,0.0
74db120f0a,0.0
8a50bae297,0.0
9edda0fd4d,0.0
537d9b6c92,0.0
65a31da7ed,0.0
e22dd5dabd,0.0
0336dcbab0,0.0
afa299a4d1,0.0
91e50fe1e3,0.0
a2d10d355c,0.0
326a8c055c,0.0
ecf5631507,0.0
db957c626a,0.0
62f91ce9b8,0.0
cb5f984421,0.0
8d317bdcf4,0.0
3fb451ca2e,0.0
cfcce0621b,0.0
539fd53b59,0.0
405e289063,0.0
b1f62fa99d,0.0
2596a54cdb,0.0
f47330643a,0.0
7c33e57e3d,0.0
818f4654ed,0.0
5e388103a3,0.0
072b030ba1,0.0
e7e69cdf28,0.0
bf56a1b37b,0.0
b44afe91b8,0.0
59f51fd693,0.0
b53477c282,0.0
e44fea3bec,0.0
f40438b554,0.0
a50abba813,0.0
a8240cb823,0.0
dc4c44f624,0.0
2f29b6e3ab,0.0
8004d637b6,0.0
9cb9ed4f35,0.0
d278df4919,0.0
67e103b076,0.0
0f840be9b8,0.0
0b8aff0438,0.0
a0443c8c8c,0.0
cdf1035c34,0.0
c0f168ce89,0.0
c3e0c62ee9,0.0
51da85a3c3,0.0
9f60ab2b55,0.0
71560ce98c,0.0
a51c896c9c,0.0
c4de8ced62,0.0
60a70bb05b,0.0
471c50ad1a,0.0
5a7f963e5e,0.0
5dc126b503,0.0
f550e0ba9e,0.0
55b1927fda,0.0
aa2a773713,0.0
908a6f6a6c,0.0
0deb1c5481,0.0
ec5decca5e,0.0
8edd72158c,0.0
20aee3a5f4,0.0
5cce8dede8,0.0
1728efbda8,0.0
4b02507935,0.0
dbbf603ff0,0.0
e56954b4f6,0.0
6cdd60ea00,0.0
e034fb6b66,0.0
fd4f21f255,0.0
b7d0858d41,0.0
69295f5f6b,0.0
504c296f8e,0.0
5101a4796c,0.0
fa2431bf9d,0.0
91d0dbfd38,0.0
68c694de94,0.0
ee16fa83c0,0.0
2a27b8144a,0.0
32e05616c8,0.0
45c48cce2e,0.0
8c00dee24c,0.0
8f7d807e1f,0.0
3f67fd9716,0.0
fb4c48608c,0.0
5d6646aad9,0.0
91378b3313,0.0
f7cade80b7,0.0
656f0dbf93,0.0
daaaf13651,0.0
6d3a1e06d6,0.0
477b02d99d,0.0
350db081a6,0.0
e836d813fd,0.0
9872ed9fc2,0.0
09d37c08f7,0.0
0a09c8844b,0.0
310dcbbf4c,0.0
6e0e24295e,0.0
add7a04804,0.0
d7fd118e6f,0.0
f52378e142,0.0
ad47a008a2,0.0
a724b9124a,0.0
4b6538a44a,0.0
ee23e7ad9b,0.0
8df707a948,0.0
caa202034f,0.0
e8aac01231,0.0
8d7628dd7a,0.0
39b8f72158,0.0
0d8080853a,0.0
da0b1b5bec,0.0
fe51510c80,0.0
b0b183c207,0.0
e4a6222cdb,0.0
ce5140df15,0.0
8597a6cfa7,0.0
045117b0e0,0.0
654ad60ebd,0.0
4f4adcbf8c,0.0
7221e5c8ec,0.0
90db9da4fc,0.0
333ac5d908,0.0
5e751896e5,0.0
298f587406,0.0
36d7534290,0.0
f15eda31a2,0.0
5911269226,0.0
5c8e07660e,0.0
ae87a54e18,0.0
25b2822c2f,0.0
69dafe8b58,0.0
3e15cc11f9,0.0
b5b41fac03,0.0
8844c5f003,0.0
38811c5285,0.0
9d740bd0f3,0.0
4ea06fbc83,0.0
39ae2ed11b,0.0
9f44e956e3,0.0
6dfe08eda7,0.0
04025959b1,0.0
24e27b869b,0.0
6a10bbd480,0.0
1343777b8e,0.0
c1aeb6517a,0.0
e02e27e04f,0.0
758874998f,0.0
390e982518,0.0
49af6c4e55,0.0
ccb0989662,0.0
4fac9ba115,0.0
6775a0635c,0.0
f023559c6d,0.0
c8fbbc86ab,0.0
7b7a53e239,0.0
8d9fc2308c,0.0
2a50e9c2d6,0.0
7ae11af208,0.0
59e0b2658e,0.0
6ba3af5d7b,0.0
577ef1154f,0.0
1e056d2b0e,0.0
100d9f30ca,0.0
1a3f91fead,0.0
d1a21da7bc,0.0
062ddb6c72,0.0
4500e40377,0.0
53e3a7161e,0.0
820e694038,0.0
5dd3e474f6,0.0
543857f4a0,0.0
be1df9a5d0,0.0
84d2004bf2,0.0
23755432da,0.0
32b991e5d7,0.0
0e4e946668,0.0
2afe4567e1,0.0
c54e7837e0,0.0
5fa9e41bfe,0.0
c1e39d912d,0.0
2b38c2df6a,0.0
1c66f4627f,0.0
0b6ace9e89,0.0
2612aa892d,0.0
cf2226ddd4,0.0
caf1a3dfb5,0.0
d7b76edf79,0.0
384babc3e7,0.0
fe8c15fed5,0.0
5e76bef6e0,0.0
0cd6a652ed,0.0
c3e878e27f,0.0
0fcbc61acd,0.0
fb0650ff38,0.0
2e3d2c4f33,0.0
7bccfde771,0.0
486c825db2,0.0
6883966fd8,0.0
1842603482,0.0
1a99f68219,0.0
d2b15c75c0,0.0
f4f6dce2f3,0.0
1385974ed5,0.0
90f1f4972d,0.0
8f19793b26,0.0
37d097caf1,0.0
e8432fb72c,0.0
dc49dfebb0,0.0
dc09c97fd7,0.0
9001ca4292,0.0
f291e10ec3,0.0
94ef7214c4,0.0
ec7f346604,0.0
37693cfc74,0.0
371bce7dc8,0.0
1160453108,0.0
29539ed932,0.0
fec87a37cd,0.0
b2ea5e977c,0.0
8ce6790cc6,0.0
f73b76ce89,0.0
3644a684f9,0.0
c819904dde,0.0
cc70903297,0.0
d765758305,0.0
310cc7ca5a,0.0
5401acfe63,0.0
87f4d79e36,0.0
bb073f2855,0.0
35f4a8d465,0.0
502e4a1693,0.0
7fb8ceb3bd,0.0
f0e52b27a7,0.0
42e7aaa88b,0.0
269d837afa,0.0
01882513d5,0.0
03afdbd66e,0.0
f340f1b1f6,0.0
25ddc0f8c9,0.0
cd758e8f59,0.0
351b33587c,0.0
6d0f846348,0.0
f8c1f23d6a,0.0
1d38dd921e,0.0
89ae0fe22c,0.0
9766527f2b,0.0
c96c08f8bb,0.0
999600eb27,0.0
dda99de58f,0.0
26408ffa70,0.0
a19883fca9,0.0
59dfa2df42,0.0
3dd9424294,0.0
5878a7ab84,0.0
ab73148878,0.0
950a4152c2,0.0
df877f3865,0.0
05546b0e38,0.0
4e4b5fbbbb,0.0
3a0772443a,0.0
98e6f17209,0.0
b607ba543a,0.0
5737034557,0.0
5b970a1d9b,0.0
64c3182160,0.0
b7ee0d0d4d,0.0
e2f374c341,0.0
5052597562,0.0
42fe880812,0.0
effc299a1a,0.0
88bfcf02e7,0.0
a9078e8653,0.0
da9e6a4a4a,0.0
6de4bfe950,0.0
a09e75c5c8,0.0
fb508ef074,0.0
1843e35d41,0.0
1a04f96581,0.0
cd8d5260c8,0.0
d3614f463b,0.0
1680829293,0.0
50abc3e730,0.0
9f396fe44e,0.0
cd10c7f376,0.0
6da9003b74,0.0
8169e05e2a,0.0
fccb3cdc9a,0.0
2192890582,0.0
63538fe6ef,0.0
2715518c87,0.0
1595af6435,0.0
f3c89b7be3,0.0
d51b416788,0.0
2a3d6d6cc4,0.0
2ef248c049,0.0
4175a4b46a,0.0
ab8df9f773,0.0
6832a7b24b,0.0
471c75ee66,0.0
73f104c9fb,0.0
3e77a14629,0.0
bf499a12e9,0.0
8487e01fba,0.0
0584ce565c,0.0
61f3a6dbc9,0.0
35309226eb,0.0
a58149d355,0.0
6cfe0e6127,0.0
3875115bac,0.0
bbc92a6471,0.0
248e844336,0.0
303ed4c698,0.0
f8ea2e8463,0.0
e7f8a7fb0b,0.0
f74909ace6,0.0
473803f0f2,0.0
c5b2cebf15,0.0
5a01f0597a,0.0
884ce4bb65,0.0
a495eebbfa,0.0
96055f5b06,0.0
42a6845a55,0.0
9be40cee5b,0.0
48a79bcf60,0.0
22b1f2e098,0.0
7b1ce3d73b,0.0
ca793d8b79,0.0
cb12d7f933,0.0
e366d105cf,0.0
7a53928fa4,0.0
d3fad7d363,0.0
6150ccc606,0.0
f87e955fd6,0.0
220a7f49d4,0.0
5df07ecf4c,0.0
88a839f2f6,0.0
fb89705ae6,0.0
6547884cea,0.0
dc58e3a306,0.0
6e16656a6e,0.0
8f121ce07d,0.0
d4c2e4a329,0.0
7437d13677,0.0
0804083708,0.0
7b13b22030,0.0
5737c6ec2e,0.0
cd89fef7ff,0.0
f0fcf351df,0.0
217c0e01c1,0.0
f92586a25b,0.0
e325107555,0.0
ebd6d2f5d6,0.0
68897f19b1,0.0
f187a23c3e,0.0
dc727151e5,0.0
d1f255a373,0.0
63ce12dcf1,0.0
2451041557,0.0
4fa7c62536,0.0
621fbd17da,0.0
e02a35b156,0.0
2bd7f907b7,0.0
56468d5607,0.0
6a508a60aa,0.0
aee92f16ef,0.0
4d2e7bd33c,0.0
8710ef761b,0.0
678a149151,0.0
d1c38a09ac,0.0
99ef04eb61,0.0
9597353e41,0.0
96de2547f4,0.0
b090409688,0.0
3473decccb,0.0
dd8eb9f23f,0.0
440924c594,0.0
04115ec378,0.0
645098b086,0.0
e7b24b112a,0.0
3ad7c2ebb9,0.0
4f9c76cf97,0.0
e5afb0f2db,0.0
697e382cfd,0.0
1679091c5a,0.0
83e8ef5181,0.0
d93591bdf7,0.0
6195f47dcf,0.0
f76a89f0cb,0.0
4ebccfb3e3,0.0
98cac9d33a,0.0
c57168a952,0.0
7cf64379eb,0.0
d490d7b457,0.0
acf06cdd9c,0.0
eda80a3d5b,0.0
0d0fd7c6e0,0.0
98b17f068d,0.0
17d8da815f,0.0
66121d1f78,0.0
3b2d8f129a,0.0
02e74f10e0,0.0
d47844673f,0.0
4a2ddf148c,0.0
d7322ed717,0.0
244edd7e85,0.0
5eac43aceb,0.0
215a71a127,0.0
abec16f483,0.0
16fc18d787,0.0
2647c1dba2,0.0
f39ae9ff3a,0.0
a36b598abb,0.0
398475c83b,0.0
7e7757b1e1,0.0
ed277964a8,0.0
309a8e73b2,0.0
e45823afe1,0.0
0731460a8a,0.0
7f6caf1f0b,0.0
7b5b23f4aa,0.0
b59c67bf19,0.0
07cb5f8650,0.0
d5ff135377,0.0
df1f1d20ee,0.0
54e36c5ff5,0.0
77143919d1,0.0
c57abe86de,0.0
250413d298,0.0
dd45045f8c,0.0
62dad6e273,0.0
44feb0096f,0.0
d1fe173d08,0.0
48aedb8880,0.0
3ef815416f,0.0
d54ce9de9d,0.0
3b3dbaf685,0.0
2996962656,0.0
d35b05a832,0.0
b5a1fc2085,0.0
9fc3d7152b,0.0
3614405287,0.0
1cfead9959,0.0
1f72e258ff,0.0
74071a6733,0.0
46a558d979,0.0
e6d8545daa,0.0
fc2c7c47b9,0.0
8ca8da41fe,0.0
766d856ef1,0.0
1192265fb3,0.0
ce052ea95d,0.0
973a5f0ccb,0.0
a3c65c2974,0.0
dccab9bd9e,0.0
1be3bc32e6,0.0
9af76329c7,0.0
38db3aed92,0.0
6c990b7aca,0.0
36660e5985,0.0
70efba66d3,0.0
2421fcb126,0.0
a9de093d06,0.0
30da227c6b,0.0
84ddfb3412,0.0
e702e51da2,0.0
f8905bd3df,0.0
3fd6098329,0.0
c4ca4238a0,0.0
d8700cbd38,0.0
96629f1aac,0.0
3c1e4bd671,0.0
70162fe655,0.0
8065d07da4,0.0
765d5fb115,0.0
299a23a229,0.0
a3048e4731,0.0
53ed35c74a,0.0
b2004314aa,0.0
794288f252,0.0
1b9812b99f,0.0
e4a93f0332,0.0
2d6cc4b2d1,0.0
c254e77530,0.0
6412fef873,0.0
2bf283c05b,0.0
ff1418e8cc,0.0
1f9b616fad,0.0
c45008212f,0.0
f356355c16,0.0
4b29fa4efe,0.0
895daa408f,0.0
696b35cc35,0.0
b5b03f0627,0.0
f40ee69498,0.0
fb2e203234,0.0
8a1e808b55,0.0
f3ac63c912,0.0
04048aeca2,0.0
acc3e04046,0.0
522a9ae9a9,0.0
e1696007be,0.0
b3b4d2dbed,0.0
8e489b4966,0.0
29e1c59be1,0.0
6766aa2750,0.0
9e984c1081,0.0
6917ff2a7b,0.0
a209ca7b50,0.0
e16e74a635,0.0
073b00ab99,0.0
f7cfdde9db,0.0
89a4779d38,0.0
ddcbe25988,0.0
13111c20ae,0.0
a2cc63e065,0.0
1e8ca836c9,0.0
aa36c88c27,0.0
d67d8ab4f4,0.0
b5b8c48482,0.0
452bf208bf,0.0
728f206c2a,0.0
adc8ca1b15,0.0
298923c819,0.0
34609bdc08,0.0
233509073e,0.0
c1b70d965c,0.0
fc49306d97,0.0
537de305e9,0.0
94aef38441,0.0
19de10adba,0.0
883e881bb4,0.0
fc76150735,0.0
55743cc039,0.0
6ae07dcb33,0.0
8929c70f8d,0.0
d2dc636883,0.0
66f041e16a,0.0
ffbd6cbb01,0.0
97d0145823,0.0
b6a1085a27,0.0
939314105c,0.0
043c3d7e48,0.0
13f320e7b5,0.0
cbf22ab286,0.0
f3175210f9,0.0
af1b575406,0.0
4dcae38ee1,0.0
21be9a4bd4,0.0
674bfc5f6b,0.0
c26820b8a4,0.0
c82836ed44,0.0
743394beff,0.0
dc2b690516,0.0
fa84632d74,0.0
ad68473a64,0.0
a8ecbabae1,0.0
34ffeb359a,0.0
c8ed21db4f,0.0
67c6a1e7ce,0.0
978d76676f,0.0
03e0704b56,0.0
d4b2aeb245,0.0
1587965fb4,0.0
7e889fb76e,0.0
28fc2782ea,0.0
28b60a16b5,0.0
74306eef58,0.0
69b09198d4,0.0
bd0cc810b5,0.0
0e7e05fa10,0.0
0ae3f79a30,0.0
56f9f88906,0.0
f12f2b34a0,0.0
c4b31ce7d9,0.0
0f96613235,0.0
0a0a0c8aaa,0.0
54ebdfbbfe,0.0
991de292e7,0.0
b207f5c566,0.0
cdd0500dc0,0.0
03e7ef47ce,0.0
4be5a36cba,0.0
2ecd2bd947,0.0
d82c8d1619,0.0
d2cd33e9c0,0.0
84117275be,0.0
51ef186e18,0.0
b071cfa816,0.0
4f81b1d964,0.0
ebf12cb74e,0.0
3f998e713a,0.0
a70dc40477,0.0
4dcf435435,0.0
4da04049a0,0.0
b0f2ad44d2,0.0
7f1de29e6d,0.0
a376033f78,0.0
1d7f7abc18,0.0
708f3cf810,0.0
25df35de87,0.0
46f76a4bda,0.0
8e296a067a,0.0
d3aeec875c,0.0
556f391937,0.0
801c14f07f,0.0
81c8727c62,0.0
861578d797,0.0
8c6744c9d4,0.0
10c66082c1,0.0
f2c3b258e9,0.0
a0f3601dc6,0.0
3a0844cee4,0.0
60ad838019,0.0
983a33a9a8,0.0
b427426b8a,0.0
39dcaf7a05,0.0
0a1bf96b71,0.0
4e2ecebbfa,0.0
866d90e092,0.0
40dba662fa,0.0
006f52e910,0.0
37588c655c,0.0
cd3afef9b8,0.0
3295c76acb,0.0
d0fb963ff9,0.0
852c44ddce,0.0
a081cab429,0.0
b9f35816f4,0.0
a7f592cef8,0.0
639d79cc85,0.0
c2aee86157,0.0
bf5cd8b250,0.0
d6723e7cd6,0.0
e816c635ca,0.0
d14388bb83,0.0
b83aac23b9,0.0
e3b2125618,0.0
5cbdfd0dfa,0.0
ca43108ded,0.0
7a98af17e6,0.0
512fc3c522,0.0
cb79f8fa58,0.0
5e6d27a7a8,0.0
52edc4a589,0.0
c058f544c7,0.0
3fc2c60b57,0.0
c7e1249ffc,0.0
0ff8033cf9,0.0
093b60fd05,0.0
dcf6070a4a,0.0
a9b4ec2eb4,0.0
cae82d4350,0.0
00ec53c468,0.0
e6cb2a3c14,0.0
4b26dc4663,0.0
f21e255f89,0.0
c04c19c2c2,0.0
17ed8abedc,0.0
8757150dec,0.0
9cf81d8026,0.0
ae0909a324,0.0
77c493ec14,0.0
3335881e06,0.0
9d949c3d8b,0.0
1138d90ef0,0.0
0d9095b0d6,0.0
ca8a2d76a5,0.0
a01a0380ca,0.0
850af92f8d,0.0
e8b1cbd05f,0.0
12e59a33de,0.0
4abe17a1c8,0.0
bf2fb7d182,0.0
b2b7c55512,0.0
d58e2f0776,0.0
13e5ebb0fa,0.0
30bb3825e8,0.0
1359aa933b,0.0
fe70c36866,0.0
186fb23a33,0.0
42998cf32d,0.0
3770282ae7,0.0
ef41d48875,0.0
e0eacd9839,0.0
df6d2338b2,0.0
dfa037a53e,0.0
c9892a9891,0.0
cd4bb35c75,0.0
c52f1bd66c,0.0
6c8349cc72,0.0
38ef4b66cb,0.0
bc4e356fee,0.0
0c215f1942,0.0
f2b93ce087,0.0
c8067ad193,0.0
25db67c565,0.0
98f1370821,0.0
99adff4569,0.0
7cc532d783,0.0
3e6260b818,0.0
c5f5c23be1,0.0
08d98638c6,0.0
4ea6a546c1,0.0
20125fd9b2,0.0
d46e1fcf4c,0.0
71a5c0514a,0.0
690bb330e5,0.0
464d828b85,0.0
1b5230e3ea,0.0
42a3964579,0.0
00ac8ed3b4,0.0
f26df67e81,0.0
2cad8fa47b,0.0
087408522c,0.0
6602294be9,0.0
6add07cf50,0.0
996009f237,0.0
d290dc6cab,0.0
d542599794,0.0
1b69ebedb5,0.0
49c0fa7f96,0.0
bd7db7397f,0.0
b5b1d9ada9,0.0
f80ff32e08,0.0
a18630ab1c,0.0
d58f855fdc,0.0
5d2c2cee8a,0.0
73231e53ee,0.0
b7fede84c2,0.0
286674e308,0.0
cd0dce8fca,0.0
18d8042386,0.0
fd8c07a31f,0.0
79514e888b,0.0
ec0f40c389,0.0
c5a4e7e688,0.0
31857b449c,0.0
f91e24dfe8,0.0
bfbb56bee6,0.0
69d1fc78db,0.0
71a58e8cb7,0.0
db9ad56c71,0.0
ee26fc66b1,0.0
7059b7dea4,0.0
3ce3bd7d63,0.0
7dc3338d42,0.0
65ded5353c,0.0
1c67df9e0a,0.0
c68c9c8258,0.0
a8c88a0055,0.0
b239751766,0.0
46489c1789,0.0
7f7c351ee9,0.0
9e6a921fbc,0.0
47a658229e,0.0
ac1dd209cb,0.0
97250eb325,0.0
f47d0ad31c,0.0
3621f1454c,0.0
311abb492a,0.0
698d51a19d,0.0
b0df2270be,0.0
beda24c1e1,0.0
26ff6f4ca1,0.0
8cff9bf669,0.0
9a96a2c73c,0.0
c88d8d0a60,0.0
9d068c869f,0.0
6b5754d737,0.0
d91d1b4d82,0.0
61f2585b0e,0.0
a67f096809,0.0
