notebook_id,total_execution_time
0004d0b59e,313.50731402218355
006f52e910,129.32237218071128
0070d23b06,661.4169923210145
0084ae4bc2,453.4320509617545
00ac8ed3b4,69.27089845400414
00e26af6ac,1351.861149791932
00ec53c468,1000.4580943348058
015e319335,1588.402132193646
01882513d5,5875.422156715453
0189caa552,170.09894542063867
01e00f2f4b,2044.1357442708966
02180771a9,1673.401389416711
028ee72415,310.5707460718834
02bf86214e,955.829310334551
02e74f10e0,4314.398775349318
0336dcbab0,247.8336862233764
0353ab4cbe,836.6912456145167
03593ce517,1391.703578804097
03afdbd66e,3674.4252373832996
03e0704b56,785.7684953909973
03e7ef47ce,384.8906870400294
04025959b1,2829.57530082674
04048aeca2,443.7940428163749
04115ec378,1739.4388814928484
0415740eaa,686.3715912351998
043c3d7e48,2774.167197054575
045117b0e0,1007.9893429867101
051928341b,161.25917631489625
0533a88890,4384.103947876154
0537fb40a6,1172.5087975003944
05546b0e38,424.38998259230095
0584ce565c,528.7312980391243
05a5cf0698,745.8353213629991
062ddb6c72,1004.8245435449911
063e26c670,325.66450473424425
0640966322,1172.3394578158245
069654d5ce,1481.1509576840817
06997f04a7,435.8307850424717
06eb61b839,1115.814785649332
070dbb6024,1839.0550908475802
072b030ba1,2458.275289464897
0731460a8a,1245.6129282245379
0738069b24,1454.0995862776372
073b00ab99,1132.2520946537643
074177d3eb,1126.8654267729662
076023edc9,-49.310774075893946
0771fc6f0f,86.6283274605848
07a96b1f61,641.5561317761365
07cb5f8650,978.5003515216398
0804083708,134.0349330375748
08419be897,369.25014063892985
086af6e464,674.8639638992566
087408522c,2507.2605300869445
0887f1a5b9,432.79500665327396
08b255a5d4,717.8344234296704
08d98638c6,184.188926918444
08f38e0434,651.3252695126465
0937fb5864,891.919487246521
093b60fd05,2930.7222351865776
097e26b2ff,494.89148518022984
09d37c08f7,251.118137410453
09e7655fc1,1069.834706009827
0a09c8844b,1647.7742417398113
0a0a0c8aaa,1434.2756250502946
0a1bf96b71,540.81622244358
0a2a51dac6,1823.0975466955344
0aa1883c64,2859.448451764126
0ae3f79a30,2357.6848362138953
0b105cf150,5999.554210543471
0b6ace9e89,7110.14447495658
0b8aff0438,1236.9684253819817
0bb4aec171,1422.9313429612496
0bed45bd57,2036.6030554077338
0bf727e907,550.5674019702647
0c048b3a43,2423.1278716484658
0c1c995b77,143.80598722813156
0c215f1942,1556.2914847108298
0cd6a652ed,460.4356555418898
0d0871f080,1418.831121204003
0d0fd7c6e0,1776.1928575097638
0d7de1aca9,4772.278446929176
0d8080853a,884.3980291180673
0d9095b0d6,1392.2579983476674
0deb1c5481,554.8462675253386
0e4a2c65bd,2428.645141142897
0e4e946668,5280.868152037094
0e4f5cc9f4,1975.183859245874
0e55666a4a,903.2404033904743
0e7e05fa10,725.8848721398228
0e900ad84f,6982.917964217888
0e9d935f7e,493.844811788753
0ebcc77dc7,3911.974180505542
0ed9422357,598.1527660738261
0f2c9a93ee,3170.209330035339
0f46c64b74,1560.9726369760235
0f65caf0a7,967.6811011096586
0f840be9b8,610.9310762855109
0f96613235,332.78585728759845
0fcbc61acd,1061.4508982908822
0ff8033cf9,4028.2758560001894
100d9f30ca,1574.5111607110234
102f0bb6ef,1249.0222821645555
1068c6e4c8,1962.8244149492507
109a0ca3bc,266.69993081438633
10a5ab2db3,5897.139979238212
10c66082c1,271.3809901183234
1138d90ef0,692.5791488437666
1160453108,563.9235273325096
1192265fb3,153.5828517969165
124461dcd3,13425.169273937936
12e59a33de,866.7828989663082
130f1a8e9e,1106.3138786161294
13111c20ae,262.0731120499149
133b3752e5,5121.211288518099
1340ccf247,2642.815177626709
1343777b8e,557.0795954234637
1359aa933b,934.23774693756
1385974ed5,2720.034402091172
138bb06965,1320.1679375749106
13e5ebb0fa,5330.368503996055
13f320e7b5,292.06164003417064
14491b756b,148.93715985847453
148260a1ce,971.9221811521332
14c879f3f5,1457.7760112122835
14d9e8007c,2109.500983216619
1517c8664b,1064.7704718386312
1534b76d32,858.4330183821772
1543843a47,-33.14396989375583
1558417b09,2067.2913451203185
1587965fb4,1138.6498592551604
158fc2ddd5,1624.2270540312777
1595af6435,553.7452398924845
1597d21403,790.0768434276537
1625abb8e4,1656.607930540372
1679091c5a,483.61101858904857
1680829293,437.90609005902405
16a5cdae36,2299.846367049007
16d11e9595,538.7635702933871
16fc18d787,201.3806046479962
1706f191d7,133.05783477897816
1728efbda8,1641.587264018936
1731592aca,2920.9207436190854
17326d10d5,9113.298382085972
17d8da815f,309.08586270507067
17e23e50be,3031.136072894985
17ed8abedc,3434.6033144334056
182be0c5cd,1601.7439296790658
1842603482,20324.666906072194
1843e35d41,1004.4720253733037
185c29dc24,3925.778279722165
186a157b29,628.4799984464769
186fb23a33,1267.9016950512037
18a010d2a9,491.77734971705905
18bb68e2b3,338.6086355539409
18d10dc6e6,86.79876672660986
18d8042386,388.0199662285421
19485224d1,667.2296027534567
19ca14e7ea,16098.255592877653
19de10adba,546.1172100350585
1a04f96581,583.5757519317306
1a3f91fead,695.9045245366173
1a6727711b,2192.4653786812114
1a99f68219,6248.783520796054
1b113258af,1185.3699597943883
1b5230e3ea,263.06778347011436
1b69ebedb5,195.72155300825395
1b79b52d1b,688.9274900063083
1b9812b99f,4699.198281757932
1bd4b29a8e,4515.7144261884205
1bda4c789c,845.9039942505711
1be3bc32e6,3022.2632726993784
1be883eec3,371.08511127587497
1c1d4df596,137.70450103741413
1c66f4627f,865.643298280051
1c67df9e0a,3069.6445519685676
1cd73be1e2,1761.1445676242572
1cfead9959,121.38846242021165
1d2a48c55f,1133.6742173955802
1d38dd921e,1442.2025479230074
1d7f7abc18,33.3180827348907
1d8d70dddf,376.6754704518563
1dba5eed88,1678.1183740649853
1e056d2b0e,1958.2628685852094
1e1d184167,682.4396122100097
1e8ca836c9,220.33582296558038
1f3202d820,2145.2244955899814
1f34004ebc,20018.29529344657
1f72e258ff,3428.9773655605422
1f9b616fad,3778.6561792671587
20125fd9b2,277.20213216399094
2067e2650c,391.92179795261006
207f88018f,1872.1886842985446
208e43f0e4,223.462418033131
20aee3a5f4,1898.280151138823
211c1e0b83,1308.682010610049
215a71a127,91.9145291930279
217c0e01c1,2541.029283908836
217e342fc0,-49.6868464083468
2192890582,252.94036280268247
21be9a4bd4,2287.1670582692495
21fe5b8ba7,2727.202590555802
220a7f49d4,833.1917520130517
226d1f15ec,6465.773060094836
2297607a5d,4543.414615170365
22b1f2e098,411.3314177438786
233509073e,152.48889302679783
23755432da,392.0104177825368
23c97e9cb9,213.60960739956622
23d2e15785,2555.596148352341
2421fcb126,1783.6258693474415
244edd7e85,745.9605369364984
2451041557,6377.665691783053
2468192842,2567.1037953358127
248e844336,247.77272373207862
24b16fede9,316.8314396344828
24b43fb034,187.121066409775
24e27b869b,953.3061809380333
24f0d2c904,1591.7043896291525
250413d298,584.5412931591097
250cf8b51c,754.7565759050306
25766f0162,1228.3371723409496
2596a54cdb,27812.02782134015
25b2822c2f,367.28291763948147
25db67c565,1286.4966147112832
25ddc0f8c9,738.151121622506
25df35de87,5997.678258336544
2612aa892d,257.6351743183514
26408ffa70,2488.326392488071
2647c1dba2,997.9996245081109
269d837afa,695.1923056782965
26ff6f4ca1,1052.7205025915368
2715518c87,6423.532434204257
2723d092b6,492.9574579149001
272e117005,1466.4909115121422
27584e8cef,5407.548714649491
27669f3f14,7457.72962116542
277a78fc05,388.3002529164538
2823f47971,7065.956321018595
2838023a77,733.8895205756569
285e19f20b,1374.9719185519434
286674e308,187.5679387244742
287e03db1d,30910.719284136034
28b60a16b5,1258.3384598333205
28e209b61a,220.96039913775385
28fc2782ea,1523.2849678392054
29539ed932,302.0763932733883
2974788b53,263.22623146622726
298923c819,2888.1097337307156
298f587406,5532.020049956212
299570476c,595.9576737948507
2996962656,360.1385135273451
299a23a229,261.3334976003912
299fb2142d,567.1344905404042
29e1c59be1,436.1642239479206
2a27b8144a,5194.683413245082
2a38a4a931,213.8025291687756
2a3d6d6cc4,949.5714072644136
2a50e9c2d6,2048.686085825644
2a79ea27c2,347.7555267520543
2a8a812400,2585.652444056585
2ab56412b1,2675.4992147243943
2ac2406e83,2376.5077204746267
2afe4567e1,312.8447259522998
2b38c2df6a,129.68194804787976
2b64c2f19d,534.9244642085702
2b7b82a7ec,988.9952382549325
2bb232c0b1,337.49668193020113
2bd7f907b7,1759.9227912695599
2bf283c05b,1340.0897261018517
2c6ae45a3e,739.2400122677707
2ca65f58e3,338.5731032433202
2cad8fa47b,450.00163021110245
2cfa3753d6,745.1589317719788
2d3acd3e24,1132.718283832354
2d405b3671,1506.522388825107
2d6cc4b2d1,515.9653827253865
2dace78f80,164.53963871329236
2de7cf2043,1594.4212230536336
2dea61eed4,3637.2147811411987
2df45244f0,1075.2628827095891
2e3d2c4f33,515.6062826853637
2e5c2cb8d1,918.3475194261088
2e74c2cf88,855.2056335807977
2eb5657d37,1202.4697161069457
2ecd2bd947,824.9869958949314
2ef248c049,897.1085669859782
2f29b6e3ab,456.6943597338046
2f4fe03d77,121.91503057154038
2f55707d41,9029.169770159458
303ed4c698,1110.8892392652401
309928d4b1,808.743337238605
309a8e73b2,1026.136960305727
30a0b73609,-29.01483983425039
30bb3825e8,356.9294544837448
30da227c6b,4263.305828535971
310cc7ca5a,318.30812668543166
310dcbbf4c,3200.2044705037406
311abb492a,4148.745530073112
31839b036f,7493.406945448117
31857b449c,4291.158618864795
31c97cbb94,242.99463353196225
3210ddbeaa,951.1367791290838
325995af77,232.33734771532053
326a8c055c,323.6100903738893
3295c76acb,4577.209911007499
32b991e5d7,1835.5292552984542
32e05616c8,11159.843937625166
331cc28f87,921.5136490054717
332647f433,2237.5506353495653
33267e5dc5,588.9318279940035
3335881e06,1251.1223510284708
333ac5d908,1493.837053260932
333cb763fa,539.2429135115995
335f535208,854.784614355799
3416a75f4c,289.77235812247557
34609bdc08,2179.011463966886
3473decccb,192.9774250144917
347665597c,223.0157196516618
34f9a343f9,1702.4182431761055
34ffeb359a,556.2326196339907
350db081a6,140.87337308531107
351b33587c,1593.2457016929018
35309226eb,591.4786163766282
353de26971,330.6833928200932
3569df159e,591.8567388856341
357a6fdf76,2721.3599792161144
35cf8659cf,1002.8446745390174
35d02fef7d,6370.606548176555
35f4a8d465,145.5066478475531
36072923bf,170.44127652798065
3614405287,255.69854808017504
3621f1454c,541.5113168961813
3636638817,173.3379907033162
3644a684f9,1289.9910185979431
36660e5985,461.72844345785234
366f0bc7bd,265.6222862180609
36d7534290,231.50312576652135
371bce7dc8,912.0597236511478
37588c655c,1794.4983246498682
37693cfc74,252.60117467362335
3770282ae7,7992.257374431849
378a063b8f,537.590261464776
37968ad196,1654.425382589458
37d097caf1,1286.3995100488005
37f0e884fb,8086.820145413102
384babc3e7,670.5699292846413
3875115bac,231.58547440935382
38811c5285,593.3554201974279
38db3aed92,857.2893711180028
38ef4b66cb,879.1024700834366
390e982518,1053.0735605387176
3937230de3,815.7659729757509
3948ead63a,969.3502724101784
3983e1512a,30068.727728416874
398475c83b,2454.110774642796
39ae2ed11b,669.3921291046045
39b8f72158,219.83268782030274
39dcaf7a05,500.72086256400024
3a029f04d7,357.5642438487415
3a0772443a,248.81225001953726
3a0844cee4,791.3518273351601
3a20f62a0a,416.9902063366536
3a61ed715e,4756.669733069903
3ad7c2ebb9,6012.21350924079
3b2d8f129a,2150.2626927862984
3b3dbaf685,30910.719284136034
3b92d18aa7,816.0795828333189
3baa271bc3,340.55245412432964
3bf55bbad3,153.34048808346714
3c1e4bd671,2739.17815559061
3c333aadfc,330.7081188595344
3c7781a36b,3054.761213285134
3ce3bd7d63,831.4317718979294
3ce83f544d,765.729558553486
3d863b367a,223.54863548940278
3dd9424294,711.2302849340432
3e15cc11f9,4077.524548396466
3e6260b818,340.0695319557559
3e77a14629,345.1184065594428
3e89ebdb49,1114.4613420482115
3e9e39fed3,501.50398589570716
3eb2f1a066,432.654660986432
3eb414bf1c,934.0517506672243
3ef815416f,423.23910860124954
3f4366aeb9,568.1796560954374
3f67fd9716,2215.885859271772
3f7bcd0b3e,9762.867879031855
3f900db260,657.0773875644564
3f998e713a,545.5300428501353
3fb451ca2e,1055.6783789548113
3fc2c60b57,6294.419295801575
3fd6098329,6276.058859319819
3fe94a0023,-185.39897066919758
403ea2e851,1373.1503037868229
405e289063,-92.31945383122213
4079016d94,224.9626969655148
40dba662fa,628.9393802900147
4172f31012,447.5536590562041
4175a4b46a,422.2195192126096
4191ef5f6c,457.9212995346171
41c542dfe6,558.0949355736271
41e7637e7b,83.69577868165531
41f1f19176,401.0451023449954
42547f5a44,149.38335360405148
42998cf32d,626.4875343793349
42a3964579,581.5888194263172
42a6845a55,1280.592098552112
42e77b6363,5065.770997229505
42e7aaa88b,395.91371872820275
42fe880812,3134.825362305136
43e04dd08b,1026.9606086830875
43feaeeecd,1991.7228580751876
440924c594,990.8056169300577
443cb001c1,4459.810612138409
4462bf0ddb,421.00661718174905
4476b929e3,617.6668466268744
44feb0096f,1663.5659331254883
4500e40377,615.1993575582944
452bf208bf,360.73817259522264
4588e674d3,737.4811104049393
45c48cce2e,1069.767724230434
45e8140983,345.50059579340734
4625d8e31d,2582.4088101239304
46489c1789,875.7014825739027
464d828b85,980.933888144445
46515dcd99,3571.9556255599537
46922a0880,844.8766957061607
46a558d979,857.0693846424307
46b2644cbd,1232.270237941348
46f76a4bda,670.6270137592995
471c50ad1a,1119.9765237410043
471c75ee66,1748.6538932002695
473447ac58,741.0454630004396
473803f0f2,549.2710077724566
477b02d99d,489.28406280627416
47a658229e,4941.033785462477
47fd3c87f4,1673.282344097091
4837ba5cd4,2801.105381490452
486c825db2,1505.0302954029971
48a79bcf60,465.13538804714307
48aedb8880,2147.517737180841
48df7b8e8d,466.78528149075316
49182f81e6,990.7886178218534
49af6c4e55,491.99957625722647
49c0fa7f96,821.7089445527083
4a2ddf148c,823.5783267074282
4a47d2983c,705.9456417922632
4ab5237176,847.2327758214215
4abe17a1c8,1421.0085407560787
4ad13f04ef,1368.6218272605922
4b02507935,949.0900553814561
4b04a686b0,263.48099222626576
4b26dc4663,123.67845700856883
4b29fa4efe,12566.31841273725
4b4edc2630,6021.992380966398
4b6538a44a,847.5229077798556
4ba29b9f9e,1355.267481164943
4baf54f369,259.083623929104
4be5a36cba,140.5660969747736
4c144c47ec,213.8758166051451
4c27cea852,854.64204667319
4c5bde74a8,639.0090839936083
4d2e7bd33c,167.99521297792626
4d5b995358,1943.7059994326512
4da04049a0,286.25485465754235
4da9d7b6d1,1146.244043692775
4dcae38ee1,208.53812636586608
4dcf435435,6116.273455560383
4dd9cec1c2,434.9391093076962
4e2545f819,234.88160591640923
4e2ecebbfa,3234.0740717870412
4e477793df,204.8015018650918
4e4b5fbbbb,758.1648487923395
4e4e53aa08,2243.9384653722605
4e62e752ae,1302.032101384369
4e87337f36,1416.7168646110972
4ea06fbc83,109.16014497789801
4ea6a546c1,414.3715696119838
4ebccfb3e3,5168.070524877682
4edaa105d5,581.3872683657339
4f4adcbf8c,1277.8033563746583
4f5a97cf06,1021.9391296129686
4f81b1d964,206.21870272774044
4f9c76cf97,12312.780119736999
4fa7c62536,4103.971487218757
4fa91c1901,442.1843929094892
4fac9ba115,1397.0641056354857
502e4a1693,475.3232656753662
504c296f8e,33.62359722702587
5052597562,5643.671088669221
50a074e6a8,346.22184140334065
50abc3e730,165.63476352525635
50cf0763d8,98.89583616323007
5101a4796c,503.0511424592288
512fc3c522,627.9792776889697
51da85a3c3,9803.269161339662
51ef186e18,226.4235612397528
5227b6aaf2,511.01950394888775
52292e0c76,918.3112947805752
522a9ae9a9,988.5661275982004
52cf49fea5,655.6692442703215
52edc4a589,4091.8341997962066
5314b9674c,2974.7594044524762
532b81fa22,1269.9074980020005
537d9b6c92,1098.3460041355643
537de305e9,863.3260577303606
539fd53b59,10447.466241775846
53a1320cb5,210.66003105002406
53c3bce66e,563.6957017081711
53c5b2affa,2824.57461096569
53e3a7161e,17733.18877905007
53ed35c74a,399.3084323655947
5401acfe63,1941.7761606370332
540ae6b0f6,589.3190111161156
543857f4a0,2314.791580244835
54e36c5ff5,823.7286333629488
54ebdfbbfe,189.08419595710376
54fda78aa8,50.5840484525004
550a141f12,10771.548731113206
551cb238f4,503.3452246745328
5531a58348,363.36365314216823
556f391937,1043.5536086323996
55743cc039,515.1555572630018
55a0df4b5a,478.29697615042824
55b1927fda,2982.7535795022213
563ca5e068,2949.092130434924
56468d5607,5221.808252113047
56577889b3,1249.730938975449
566a9968b4,471.9550304758667
5680522b8e,270.3139770104484
56a8da1d3b,372.66237351315806
56c51a39a7,611.9965171232897
56e6a93212,92.26169406543679
56f9f88906,1004.3621823997049
5737034557,359.98004012933114
5737c6ec2e,2966.374205618317
577ef1154f,220.10310708600895
577fd60255,1535.2271879191035
57aeee35c9,1079.5453821878234
57bafb2c2d,3032.8921253773883
57c0531e13,8978.457618388338
57f04bb297,3418.0267655397934
5812f92450,463.0506419760286
583cf6a454,16087.935777895304
5848ad9595,611.6357655049571
5878a7ab84,936.0904898109254
58a2fc6ed3,70.01924082223402
5911269226,1639.1031079668785
5938b4d054,851.4599930528686
596dedf449,1273.808486513051
59dfa2df42,10969.617478463817
59e0b2658e,1259.3357080259914
59f51fd693,888.7834198727721
5a01f0597a,837.3095792918084
5a2756a3cb,229.25967951962676
5a5eab21ca,372.7101120512722
5a7f963e5e,474.37168522749005
5a99158e0c,3423.1532934891025
5a9d8bf5b7,601.9968186196797
5ac8bb8a7d,514.7235255000151
5b4130c9e8,3998.900540274727
5b5e6cc50c,191.55523104904466
5b8add2a5d,6384.54579923373
5b970a1d9b,142.4755121125427
5bce843dd7,2099.9137733577995
5c151c2a9b,8.78300407699117
5c8e07660e,601.8945541221531
5c936263f3,878.0975053533381
5cbdfd0dfa,480.7004076475379
5cce8dede8,281.28322808845604
5d2c2cee8a,647.4128497949699
5d4ae76f05,437.7362587733496
5d6646aad9,1662.1401337562424
5d75b942ab,1663.001342981505
5d79099fcd,1718.235398283877
5dc126b503,3702.8255689521984
5dd3e474f6,2152.2582019847914
5df07ecf4c,94.43628016471568
5e388103a3,574.31076454658
5e4450dc93,171.0157396929718
5e6bd7a697,982.5308876987235
5e6d27a7a8,708.081472988585
5e751896e5,145.2547985211458
5e76bef6e0,265.6002598984541
5eac43aceb,9762.867879031855
5edc4f7dce,6089.766520565335
5f268dfb0f,302.3367648637203
5f2c22cb4a,399.427663183154
5fa9e41bfe,411.7159498951263
60495b4e03,143.99592648013248
60519c3dd2,329.0351040009784
605ff764c6,670.3051987997103
6081594975,23768.364325585942
6098ed616e,259.1943411330646
60a0575ee6,2518.6812376344587
60a70bb05b,617.758311367402
60ad838019,252.3222262461254
6150ccc606,261.9084811460133
6195f47dcf,438.5184569982895
61b1fb3f59,1020.2376567915677
61f2585b0e,3152.388274783977
61f3a6dbc9,545.1862803427591
62021a1833,855.4100328948946
6211080fa8,2766.0246589023363
621fbd17da,325.9000506202129
62dad6e273,7194.76082893915
62f91ce9b8,2997.818378430923
63538fe6ef,14039.73291524309
635440afdf,212.3395350932788
6364d3f0f4,376.91852709887667
6395ebd0f4,1424.6799162729862
639d79cc85,-56.674940232996754
63cb524a9f,1648.416886736423
63ce12dcf1,2992.140274554359
63dc7ed101,1021.7651698883271
6403675579,587.4916599453844
6412fef873,1631.5571812762826
641d77dd52,471.5437105120491
643de7cf7b,630.0838089847437
645098b086,383.6583360289997
647bba3443,821.0861546985436
64c3182160,-31.98958692960242
64c53a52cb,1498.1522657410437
6547884cea,514.0032736873969
654ad60ebd,1516.7546916513018
6562c5c1f3,286.0549785514878
656f0dbf93,947.685064655665
65a31da7ed,651.6006078609155
65ded5353c,1881.6405842739628
65fc52ed8f,2381.0906139299777
6602294be9,898.4260190266057
66121d1f78,696.1986179553552
663772ea08,3340.18315845896
66e8ba8216,714.7170277014587
66f041e16a,5128.834441491768
674bfc5f6b,1601.5111183483307
6766aa2750,735.0141884781528
6775a0635c,16370.593978312434
678a149151,767.2364097553303
6797423391,851.9425478680887
67c6a1e7ce,1600.0472669226306
67e103b076,4963.154255534389
68264bdb65,6443.112537563552
6832a7b24b,535.713597608569
6883966fd8,6815.924320671889
68897f19b1,562.6450950488471
68c694de94,442.41092949709946
690bb330e5,2894.042877126152
690d83983a,765.9626220808685
6915849303,1185.9936711507496
6917ff2a7b,503.98951244966776
69295f5f6b,1635.5066076176404
69386f6bb1,488.09891826290476
69421f0324,832.3396491813121
6950aa02ae,1143.566472085733
696b35cc35,4055.2196031243025
697e382cfd,5317.245017737353
698d51a19d,2369.5221111849264
69b09198d4,283.3893821075859
69d1fc78db,357.60766781832115
69dafe8b58,18908.992138142938
6a10bbd480,256.1152616990115
6a450490f2,899.3112378794913
6a508a60aa,1093.067195012433
6a8018b3a0,518.7889888817126
6abcc8f243,721.7950308889509
6add07cf50,3353.9724348790396
6ae07dcb33,345.6951691019094
6aed000af8,12.304787053349083
6b5754d737,333.8703891262147
6ba3af5d7b,526.8577346077844
6c340f2583,2092.902919506886
6c4bb406b3,1637.2583620907437
6c8349cc72,19640.209885616772
6c8dba7d0d,1111.1522975993253
6c97cd0766,637.8234125516184
6c990b7aca,1100.8793228808793
6cd67d9b6f,378.59784300035597
6cd9313ed3,3717.261200339451
6cdd60ea00,126.245448566943
6cf821bc98,1272.5427344704408
6cfe0e6127,2515.9867702616893
6d0f846348,583.681012877166
6d3a1e06d6,7016.220684048024
6d6968d87c,3332.985847121089
6da9003b74,271.7733728966303
6de4bfe950,475.977222788889
6dfe08eda7,1541.1216598742283
6e0e24295e,966.4209665374534
6e16656a6e,7991.424602359888
6e3197aae9,405.4422652155698
6e7d2da6d3,5363.2517886317655
6ea9ab1baa,347.348237939313
6ecbdd6ec8,982.9087154071892
6f1d0705c9,101.2608798195545
6f2268bd1d,203.86121049634943
6f2688a5fc,3856.2530371199114
6f3a770e5a,2189.0324188986733
6f3e29a352,1428.9244934322828
6f4922f455,431.92300511286146
6f518c31f6,1937.3458423375037
6fd6b030c6,2310.743561350021
70162fe655,2383.6951688031745
70222949cc,4023.0519957160686
7059b7dea4,291.5308451032167
705f217283,240.7089210049799
706608cfdb,-26.057988733097226
708f3cf810,462.13392119870076
70afbf2259,16288.5585644266
70ece1e1e0,231.34922799088085
70efba66d3,3469.9750835800523
712a3c9878,453.00748383641576
71560ce98c,1942.547530033947
71a58e8cb7,1157.6211907001561
71a5c0514a,591.4018681686426
7200798384,5894.147176976002
721e7285b2,1165.4258512236029
7221e5c8ec,461.7782351596041
7250eb93b3,5218.872515936297
728f206c2a,862.0840981725281
73231e53ee,1889.384473973118
735143e9ff,496.60685341299904
73f104c9fb,330.4297233472198
74071a6733,1005.7789576616672
74306eef58,1150.8158390585759
743394beff,4451.3300803892325
7437d13677,3938.8852835349885
743c41a921,765.0722418314318
7493454825,6226.036516382952
74d90aafda,2764.72575561037
74db120f0a,1443.383482291212
752d2c9ecf,1794.5553943492837
75429d136f,252.55930534617409
75455e0629,3112.175578710163
7553e94d39,7353.098670101039
75806e8a1c,4561.792175063599
758874998f,831.2695555435948
758be1f9f7,1617.3456959542477
7647966b73,483.53482222401044
765d5fb115,1558.9326464070757
766d856ef1,1617.8594436642027
769675d7c1,1146.4329458455582
769ac34a40,636.7103274183132
77143919d1,2535.109795175001
7716d0fc31,1181.4934380561986
779efbd24d,485.48076264912345
77c493ec14,740.9940071975949
77edbe5f89,2249.9154152974743
77f959f119,85.03967165627957
7876acb666,8280.781585137318
78d69f4090,9.333370350274457
794288f252,161.8389467871319
79514e888b,1148.1033892233247
798ed7d4ee,384.20806175241216
799de6d3da,208.49964721974598
7a006957be,568.4838217498321
7a430339c1,569.7513102534775
7a53928fa4,1090.3832072349321
7a54486317,5302.404410188447
7a98af17e6,5085.6507263461735
7ae11af208,1441.7927869079292
7b13b22030,365.84648813116746
7b1ce3d73b,390.7520725001276
7b41bfa508,384.76180319716104
7b5b23f4aa,1793.3880756733201
7b7a53e239,891.5646216400125
7bb060764a,768.5045281471773
7bccfde771,1445.4354220093282
7bfa32686d,1890.7990062011424
7c33e57e3d,981.2502094978497
7c4bf50b71,375.3455235736815
7c9d0b1f96,1467.5636131602628
7cac11e2f4,5567.492695115769
7cbbc409ec,1064.2699869437333
7cc234202e,2507.226357610224
7cc532d783,1017.1170143592748
7cf64379eb,993.3866717489379
7d04bbbe54,9227.498566950828
7d12b66d3d,444.29014139918536
7d265aa714,1470.3692973872812
7da18d0326,204.26327195187667
7dc1c7653a,7979.3720897071935
7dc3338d42,857.0123652861419
7dcd340d84,594.5298755047669
7e05d6f828,492.0067738150809
7e7757b1e1,1434.2874304436077
7e889fb76e,204.5703134035559
7e9e346dc5,715.2339924248679
7eacb53257,4753.961578375595
7edfd52220,411.94209454551503
7f141cf8e7,17382.27281208065
7f1de29e6d,5657.78262149832
7f6caf1f0b,77.17966751045554
7f7c351ee9,1427.1281089260353
7fa732b517,351.748938701213
7fb8ceb3bd,750.013864791094
8004d637b6,1913.0565391895584
801272ee79,889.2365673643492
801c14f07f,4586.847187331348
8065d07da4,227.14856043336664
806fec5af7,32.60034527096495
810dfbbebb,986.6813186855612
814a9c18f5,244.71681793883536
8169e05e2a,4857.263541135502
818f4654ed,1604.7056029692826
8196e8d0f9,395.3841407516446
81c650caac,220.17729343594752
81c8727c62,959.0213661509622
81ca0262c8,1423.058424073794
81e5f81db7,244.40983983276823
820e694038,1222.862324217358
821fa74b50,830.5982746944024
8232e119d8,5337.363908989611
82aa4b0af3,980.4093599951648
82b8a34349,2065.661092220762
831b1ac54c,1202.29382024548
831caa1b60,1473.426498633199
83cdcec08f,374.99974432146433
83e8ef5181,1762.8192179078583
83f97f4825,473.00622173819784
83fa5a432a,805.2668753895244
84117275be,4487.959352475495
8420d35940,2622.9247904971958
8430b32b5b,5259.846394612662
8487e01fba,567.5882640770102
84b20b1f5a,801.6106750777265
84d2004bf2,227.22857233068098
84ddfb3412,356.4152118700771
84f0f20482,425.06209333664356
84f74ce451,2122.6667670430643
850af92f8d,79.0730366275132
852c44ddce,448.35929355230166
85353d3b2f,731.5664838132652
85422afb46,1764.2079798687707
854d6fae5e,524.4020735902628
85690f81aa,995.6029200497026
8597a6cfa7,6718.424591660412
85f007f8c5,1557.8297491129283
860320be12,4928.974731340903
861578d797,5659.513382448624
866d90e092,286.17464839668884
8698ff9211,173.7665610204436
86a1793f65,3555.776445245558
86c5167835,245.47057380848065
86d7c8a08b,511.33067900514413
86dba86754,372.07868137884907
86e8f7ab32,690.3098043307643
8710ef761b,759.0053663935765
872488f88d,239.71008560991066
8757150dec,971.6788441740555
87f4d79e36,121.2641307441988
87f7ee4fdb,1340.1910273822557
882735cbdf,1681.294334115933
883e881bb4,135.85615516055293
8844c5f003,673.0983066729019
88479e328a,1518.1142426944218
884ce4bb65,534.6627881441831
884d247c6f,10708.354383694394
88a839f2f6,797.4074444478358
88bfcf02e7,1346.2464605418834
8929c70f8d,1121.3465512106698
894db62f7b,11158.5293226446
895daa408f,1692.8458654344686
89a4779d38,1183.0128369118652
89ae0fe22c,221.32188764077927
89fcd07f20,257.03481086325917
8a1e808b55,2751.085269271964
8a50bae297,2392.8083038515083
8b313cbf30,128.122571113868
8bdb505837,3824.027812869572
8c00dee24c,367.96867840586776
8c01a75941,235.11231218696975
8c249675ae,94.8307079993809
8c3039bd58,2035.5542972557603
8c6744c9d4,626.7689265159818
8c8a58fa97,2875.4868623247994
8c9a14ffeb,1701.3218960271788
8ca8da41fe,475.8336467946533
8cbd005a55,4738.584422916491
8ce5d98937,341.995280426382
8ce6790cc6,1531.134898518199
8cff9bf669,6295.230596165166
8d30aa96e7,1461.6994693902539
8d317bdcf4,591.1630496880246
8d5e957f29,239.2874624264382
8d7628dd7a,620.6527265443567
8d7d8ee069,703.9526501976968
8d8818c8e1,3889.7509969796106
8d9a6e908e,471.490794986528
8d9fc2308c,617.4531386658313
8db9264228,3652.4066500483705
8df707a948,2515.6823934254962
8e296a067a,545.2259021111234
8e489b4966,411.6499446503748
8e68c3c7bf,1382.8122017870369
8ebda540cb,4860.391511723539
8edd72158c,10125.358563717
8f121ce07d,10710.048548122997
8f14e45fce,1325.6108867552718
8f19793b26,1190.3543838472585
8f53295a73,207.0751332992817
8f7d807e1f,1112.60552826084
8f85517967,19419.2316862847
8fc983a913,918.1397300181203
9001ca4292,113.71880623848486
9023effe3c,586.6638101772991
908a6f6a6c,1230.9904141470838
90db9da4fc,494.65968651155464
90f1f4972d,179.81110768834785
91378b3313,3693.8918424035046
9185f3ec50,188.37698778773716
91d0dbfd38,427.31364230634125
91e50fe1e3,4439.1872623600475
91f9fec9b0,673.7926443365943
92977ae4d2,820.7471970408448
92a0e7a415,870.4297952879654
92bf5e6240,802.6283670980093
92cc227532,170.85759900808984
92fde850d8,624.953393392554
9308b0d6e5,1482.2195791088716
939314105c,1767.0187879297723
93db85ed90,617.7182639786276
941e1aaaba,1159.6938120740047
9426c311e7,259.98506004238106
94aef38441,4662.235794111484
94ef7214c4,1086.013611192674
94f6d7e04a,2082.121185361964
950a4152c2,339.95709213828087
95177e528f,466.04313714399314
958adb5768,669.1074896512557
9597353e41,1361.3857144387782
959ef47788,534.188917126321
95c9d994f8,2071.210605971465
95f6870ff3,860.9487697937606
95f8d9901c,4746.865022230382
96055f5b06,181.3574930215607
9657c1fffd,505.80716339150086
96629f1aac,1343.4542086468787
9683cc5f89,814.8428866916992
96a93ba89a,582.7298789970384
96b9bff013,528.3036326657565
96de2547f4,1941.956214526573
96ea64f3a1,2516.117891757762
97008ea270,352.54177919915554
970af30e48,3393.2599843581593
97250eb325,106.12481576349111
97275a23ca,631.5984448171637
973a5f0ccb,4106.625247934227
9766527f2b,358.21401733392145
978d76676f,576.2305136704518
978fce5bcc,1796.8388980202576
97d0145823,1093.9553937384928
983a33a9a8,1456.182796595054
9872ed9fc2,595.0800380309554
98986c005e,802.3817320308656
98b17f068d,748.4873659615475
98b2979500,507.95520220515465
98bd65207e,7256.349156188036
98cac9d33a,310.94633328284647
98e6f17209,3358.8576604543873
98f1370821,872.2139455438952
9908279ebb,7033.030945932526
991de292e7,7539.001072859168
996009f237,1747.296195534546
996a7fa078,609.1546011316249
999600eb27,478.19489192805196
99adff4569,478.5524671629053
99c5e07b4d,721.9687643738141
99ef04eb61,2044.4998686050706
99f59c0842,725.1216313398878
9a49a25d84,299.2426848603442
9a86d531e1,9318.897859507737
9a96a2c73c,7254.184034823455
9af76329c7,451.31895679600484
9afefc5294,1032.2190716104765
9b698eb310,287.015227977458
9b8f0779ba,205.67390015036798
9bab7341f4,336.84281510515575
9be40cee5b,805.1063379968231
9c01802ddb,3131.144014127095
9c72e0c888,132.04652190020357
9c82c7143c,5519.725390074488
9cb67ffb59,1233.4932601722637
9cb9ed4f35,3942.2216340777622
9cf81d8026,7199.681610991812
9d068c869f,1950.1886208317524
9d2682367c,3263.6538096191653
9d740bd0f3,1278.7405172691272
9d949c3d8b,625.0573704654562
9e6a921fbc,1229.954028800304
9e82757e9a,367.1484997896389
9e984c1081,479.8583694581316
9edda0fd4d,5836.456837524684
9f396fe44e,1409.4318657508732
9f44e956e3,4492.336763789889
9f60ab2b55,1319.1817073292991
9fc3d7152b,3602.640802028653
9fc664916b,8668.504764760519
a016070970,7480.668495961754
a01610228f,533.590954198161
a01a0380ca,738.3478670889197
a02ffd91ec,503.2983425690818
a03fa30821,1332.6054346197484
a0443c8c8c,242.70302924061852
a05d886123,2194.6256143249893
a081cab429,2115.250028800864
a088ea2078,9627.397178244511
a09e75c5c8,1353.3874755510242
a0f3601dc6,1294.5815309943778
a18630ab1c,196.45296723737724
a19883fca9,1613.0495624250777
a1d7311f2a,40.28192280799574
a209ca7b50,1285.3416143194254
a2186aa7c0,97.7507347621597
a292f1c587,7367.10533894485
a2cc63e065,428.476001097663
a2d10d355c,383.57782035249164
a3048e4731,2708.940292633268
a3147b8825,803.1062882578593
a34bacf839,12323.244393239478
a3545bd79d,586.1987541746962
a36b598abb,5019.286621143595
a376033f78,265.22598300022213
a3c65c2974,3542.284332225412
a3d06db1f8,8806.009037290854
a3d68b461b,5708.77161592857
a4380923dd,547.5277061183841
a495eebbfa,780.5346573793936
a4d41b834e,1883.8760224555597
a501bebf79,1205.5231506094128
a50abba813,1143.566472085733
a51c896c9c,831.5087873436505
a51fb97522,1468.7202566072538
a58149d355,477.796696631736
a58616464d,999.1776655695325
a597e50502,1632.43424535052
a5e308070b,6456.079143910816
a67f096809,1921.7580991642412
a684eceee7,610.2024774400002
a70dc40477,458.84703344407734
a724b9124a,706.376424689083
a7789ef88d,225.46847370195223
a7f592cef8,571.3958140611334
a8240cb823,777.4276613152638
a82d922b13,3897.3664878855416
a8849b0524,78.52879018939029
a8abb4bb28,906.918729799451
a8c88a0055,1408.161362080998
a8ecbabae1,336.01231123408985
a9078e8653,661.4143461234678
a97da629b0,455.9997730449733
a9813e9550,5319.426906659364
a9b4ec2eb4,558.2543178649341
a9de093d06,747.9844664821242
a9eb812238,803.3749352124584
aa2a773713,289.16039709571226
aa36c88c27,448.5865455785136
aa6b7ad9d6,617.4531386658313
aace49c7d8,137.0573677856708
ab24cd2b81,3222.0885337551963
ab4f2b5fd9,1260.911927923606
ab73148878,308.54752084156473
ab8aa05e78,8198.07234073234
ab8df9f773,365.645238634823
abec16f483,1555.6335317539024
ac1dd209cb,383.92473954430534
ac34ae1fda,12624.910831914425
ac4e7a4f34,335.85270975440073
ac796a52db,394.740485277406
acab0116c3,10008.872212155573
acc3e04046,389.84043621743933
acf06cdd9c,779.7470972005078
ad3019b856,694.738418318627
ad47a008a2,288.87488534594013
ad68473a64,427.0040886008604
ad972f10e0,745.5622326771716
adc8ca1b15,4774.667040033271
add7a04804,19643.936318554268
ae0909a324,302.2696041352914
ae87a54e18,266.29727387384656
aee1bc7fa5,4304.258807983298
aee92f16ef,1321.510318846415
af1b575406,757.0001506976611
af21d0c97d,320.6347963705408
af44c4c56f,353.62872172549896
af8d9c4e23,2975.3580658489072
afa299a4d1,345.638286161172
aff1621254,945.6028517473557
b056eb1587,768.5566074588689
b071cfa816,283.05215950471165
b08354f368,1990.7487233085635
b090409688,1666.589767707761
b0a665a28e,176.18332628505135
b0b183c207,568.8057748722383
b0b79da57b,261.19454804066527
b0bef4c9a6,340.3435498225916
b0df2270be,3683.785819914152
b0f2ad44d2,1678.2826661844895
b130029169,939.5989014374518
b139e10421,1079.0081872027035
b147a61c1d,3634.6924418747467
b181eaa49f,1190.82101506469
b1c00bcd4b,981.663439619989
b1d10e7baf,1786.6853362722045
b1f62fa99d,30046.07676285096
b2004314aa,121.55844405426983
b207f5c566,753.6304901041425
b239751766,184.95794145218719
b2b7c55512,9712.09853211428
b2ea5e977c,909.4535249016753
b3b43aeeac,-23.490556913503802
b3b4d2dbed,5194.217469477955
b3e3e393c7,9398.207152470926
b427426b8a,2303.697917982064
b44afe91b8,3406.4586902594347
b4aa00bc1c,419.5097983448721
b4d168b481,613.2695628784442
b4df9f4940,5848.864571276774
b53477c282,1874.564580338174
b5488aeff4,1770.1285498563743
b571ecea16,1268.8352225797928
b59307fdac,295.8896244690594
b59c67bf19,740.8890847021823
b5a1d92522,5335.356536426003
b5a1fc2085,1684.3868029414377
b5b03f0627,9249.059849015463
b5b1d9ada9,1370.4833062907505
b5b41fac03,403.23506272143663
b5b8c48482,256.45173430215624
b5c0150304,2378.031239992794
b5f1e8fb36,568.4838217498321
b607ba543a,7355.036902674173
b618c3210e,2461.6208201528257
b628386c9b,158.7511329911726
b6a1085a27,9255.950073217622
b6edc1cd1f,7645.436945970119
b6f0479ae8,263.79002858806524
b73dfe25b4,201.91458571453043
b7892fb3c2,207.6241972749277
b7d0858d41,16.875142360161068
b7ee0d0d4d,122.59737165022155
b7fede84c2,754.2271535108223
b83aac23b9,1607.5236140986635
b8c37e33de,5181.619950024979
b928fec593,1217.2067944163064
b994697479,219.75383669238857
b99d193b66,2030.9180451260668
b9f35816f4,2198.776502861507
ba3866600c,360.39854353978285
ba3e9b6a51,399.6704898920781
ba95d78a7c,1714.2783526228134
bad5f33780,117.51805786661862
bb073f2855,1123.9403051482336
bb7946e7d8,1557.0681299435569
bbc92a6471,303.15634845420124
bc4e356fee,161.76909643028915
bc57386433,7539.247067745155
bc7316929f,267.36398986153347
bcb41ccdc4,804.9309980056544
bd0cc810b5,1452.049127330208
bd1354624f,76.2838479692151
bd470ca955,875.4276578209195
bd686fd640,2462.6561403435066
bd7db7397f,2159.1481246122726
bd85282513,601.7793124121434
bdc4626aa1,1114.8691249136614
bdd8817990,1353.9507012463298
be1df9a5d0,5643.3943903837735
be3e9d3f7d,3794.346279128603
beb22fb694,500.36447908060546
beda24c1e1,311.88259971868814
bedc7106ff,9524.66183388128
bf2fb7d182,19856.833809707023
bf424cb7b0,445.3567238351669
bf499a12e9,431.1702255806907
bf56a1b37b,336.8584148364894
bf5cd8b250,7130.221207152228
bfbb56bee6,236.3120095934941
c04c19c2c2,280.7914958171841
c0560792e4,258.99326312833534
c058f544c7,532.3241844491638
c0d0e461de,822.9182411788959
c0f168ce89,945.8920930403201
c0f971d8cd,8364.478297495867
c1aeb6517a,1180.9511045047755
c1b70d965c,7538.332989882983
c1e39d912d,1431.177205062608
c254e77530,7179.08598319988
c26820b8a4,5464.442934642284
c2964caac0,253.79748212777167
c2aee86157,2402.844355775503
c30fb4dc55,3813.74214628309
c3395dd46c,259.3225587200043
c3535febaf,6097.029172117211
c3a690be93,823.0551476263954
c3e0c62ee9,526.0980281830226
c3e878e27f,656.9696962019353
c429429bf1,145.90377911325797
c44e503833,436.4384762138014
c45008212f,406.0280197440552
c4b31ce7d9,3067.9166102535396
c4ca4238a0,2073.7296889525505
c4d2ce3f3e,423.55095823632536
c4de8ced62,641.6111515009985
c52f1bd66c,727.295703786766
c54e7837e0,418.2760484985932
c563c2c394,595.2121696789834
c57168a952,2543.8335590848696
c57abe86de,60.32477640195346
c5a4e7e688,1504.234159458644
c5b270a763,1761.9452901516954
c5b2cebf15,1000.9769725317489
c5dc3e0884,43.52598469535975
c5f5c23be1,670.419978198782
c60d060b94,2675.676221274572
c61fbef63d,2052.550257173796
c6447300d9,1059.977296214218
c65d7bd70f,224.95283383346714
c68c9c8258,1096.5551850047127
c6f798b844,57.21227984662344
c7558e9d1f,261.16794878179144
c76db12c82,16084.32989274593
c7b90b0fc2,1320.5168928609755
c7e1249ffc,270.28783799387065
c8067ad193,422.285148359319
c819904dde,1874.9264301052826
c81e728d9d,1541.9902317295
c82836ed44,2318.321051437398
c86a7ee3d8,1732.8253725199452
c88d8d0a60,481.7712339534293
c8ed21db4f,124.65956492442035
c8fbbc86ab,504.0601267166844
c913303f39,172.80689110114068
c91591a8d4,503.2104907238325
c929f22103,925.9122485749364
c92a103243,193.49946070891957
c96c08f8bb,587.6901732846089
c9892a9891,434.4848822500418
c9efe5f26c,5420.742722035111
c9f06bc7b4,5596.282317638701
c9f0f895fb,2621.45797806453
c9f95a0a5a,1013.8044513396801
ca0daec69b,1521.1881316454935
ca1d3153a1,318.3174580851442
ca43108ded,8939.997882285772
ca75910166,2367.3657148038824
ca793d8b79,66.94950363676696
ca8a2d76a5,225.43330731638403
caa202034f,1397.0182275965276
cae82d4350,376.0890011643407
caf1a3dfb5,1923.3327372629876
cb12d7f933,452.37250065288663
cb3ce9b069,7657.2760157066705
cb5f984421,8881.65188663593
cb79f8fa58,618.7151647162201
cba0a4ee5c,147.64917976071723
cbf22ab286,328.67100558308965
cc70903297,638.0202210948087
ccb0989662,1912.71944117023
ccb1d45fb7,1148.9806139310099
cd0cbcc668,389.14379203274916
cd0dce8fca,220.34497748260992
cd0f74b595,1212.7024707189294
cd10c7f376,2173.9448600771307
cd3afef9b8,4686.563430315589
cd3bbc2d7c,588.54874231588
cd4bb35c75,369.27714043047195
cd758e8f59,728.358734607613
cd89fef7ff,215.0944822790063
cd8d5260c8,659.8414519553622
cdcb2f5c7b,301.8791744027168
cdd0500dc0,84.72460601846933
cdd96eedd7,830.3295506562047
cdf1035c34,267.0893456252499
cdf1e288ca,1009.2069008131533
ce052ea95d,2769.4169845228867
ce5140df15,461.8562398793948
ce6c92303f,382.89665848525
ce78d1da25,1355.683001184109
cf05968255,972.2002486820835
cf2226ddd4,468.1694161323583
cf67355a33,318.764592851075
cfa5301358,110.56618558625996
cfbc6c5cfb,742.1749979315875
cfcce0621b,639.6818417837266
d010396ca8,2478.4951997452113
d045c59a90,801.0396230482203
d04d42cdf1,796.018118471527
d09bf41544,3903.320062710125
d0fb963ff9,275.6880945889096
d14388bb83,770.9266834111215
d1a21da7bc,2756.6453096736013
d1c38a09ac,2674.566122593774
d1f255a373,8656.734666767969
d1fe173d08,2090.3685027760994
d2350a54d7,262.77299098718873
d278df4919,2143.3645400805917
d290dc6cab,1383.7247074751178
d2a27e83d4,5518.464114080419
d2b15c75c0,179.92110453877999
d2cd33e9c0,2831.768809427589
d2dc636883,21488.056630776067
d2ddea18f0,595.4404013980707
d30960ce77,5276.066042875809
d3157f2f02,1840.2160506050884
d35b05a832,905.7411524936567
d3614f463b,1405.910317225662
d37b3ca371,621.8139929593433
d3802b1dc0,888.5080274289379
d38901788c,286.17464839668884
d3a7f48c12,1067.1927408339498
d3aeec875c,488.38289781313614
d3f5d4de09,2092.7113772979005
d3fad7d363,3644.0980616253705
d464b5ac99,3449.164533647071
d46e1fcf4c,38.19886151282452
d47844673f,1420.4559850131598
d490d7b457,953.154168535618
d4b2aeb245,1964.3103064972297
d4c2e4a329,141.4070957618347
d51b416788,1257.9646756918287
d542599794,5166.73815233623
d54ce9de9d,255.8731622179674
d54e99a6c0,1054.5998040612844
d58e2f0776,3304.0367694994757
d58f855fdc,1245.5719056115254
d594b1a945,1834.8222790340224
d5e2c0adad,1295.4523178108782
d5ff135377,-7.747123673250755
d6723e7cd6,403.5701674003551
d67d8ab4f4,261.0455187767142
d6bcb486f7,1351.7825487081668
d709f38ef7,145.8054287220725
d72fbbccd9,777.4097233124729
d7322ed717,1127.6229188265306
d7619beb6e,788.1258836975073
d765758305,10689.020595358987
d7a84628c0,384.35178650060425
d7b76edf79,803.462083406602
d7fd118e6f,1301.305249422196
d82c8d1619,521.068540431723
d860bd12ce,178.40013391040688
d8700cbd38,437.02697237549876
d87ca511e2,204.80433893725663
d8847be3f7,622.8828852317024
d8c9d05ec6,1047.7693089536267
d91d1b4d82,13481.434284074992
d93591bdf7,1062.3509883903714
d96409bf89,4196.611363624502
d9896106ca,1084.1177332938892
d9fc5b73a8,167.11714199660472
d9ff90f400,424.2342576722123
da0b1b5bec,4197.987947670074
da0b566359,445.1155847775378
da8ce53cf0,2410.2261046328554
da94cbeff5,1391.3146597204484
da974f5eba,1102.7721967558996
da9e6a4a4a,243.4333849528545
daaaf13651,5911.016246520507
dabd8d2ce7,5920.509066771677
daca41214b,466.04715285069534
db1915052d,1788.646012645327
db209d71df,541.6027475442095
db346ccb62,894.3031376296746
db576a7d24,348.05765455133655
db6ebd0566,294.16811207250237
db957c626a,3870.3099342142996
db9ad56c71,516.7235031943776
dbbf603ff0,2506.018255941522
dc09c97fd7,10358.285076459388
dc16622ddc,969.9022996001443
dc20d1211f,5728.369250591547
dc2b690516,6187.335657586589
dc49dfebb0,401.32381266434965
dc4c44f624,587.3479240539715
dc58e3a306,1197.4042421622835
dc5d637ed5,6356.005451195071
dc6a648964,229.2937228061205
dc727151e5,521.8874397684394
dccab9bd9e,570.5880939283738
dcda54e292,1336.0608927357457
dcf6070a4a,986.7909342936922
dd28e50635,463.27492504847066
dd45045f8c,7236.373071324882
dd77279f7d,1445.0812478989897
dd8eb9f23f,3549.7567768035383
dda99de58f,417.18007809757154
ddcbe25988,3567.636558524705
ddeebdeefd,597.9268434978113
de3c1a733c,798.0827625440588
dea9ddb25c,3719.1161718587196
df1f1d20ee,7772.005340219102
df263d9962,1247.0857529184232
df6d2338b2,280.8633121539947
df877f3865,832.0661167775725
dfa037a53e,3084.713977140158
dfce06801e,748.3284953349644
dfeb9598fb,1226.6389141257664
e00406144c,9746.672059553563
e02a35b156,5049.51967057508
e02e27e04f,1145.031377725746
e034fb6b66,3962.1856793027373
e0688d1395,666.5673879231363
e06f967fb0,342.6220847812238
e07bceab69,5118.777107067184
e0c641195b,6120.740602818959
e0c7ccc47b,733.8378833394078
e0eacd9839,812.7042870239104
e1314fc026,4224.033636624776
e1696007be,1221.127913609806
e16e74a635,319.3181432862899
e1fc9c082d,1957.1756304581704
e22312179b,7107.877612963741
e22cb9d6bb,66.92401719640736
e22dd5dabd,634.1321157820662
e2f374c341,792.5159004947393
e325107555,1544.1173233491659
e366d105cf,1700.7482634840514
e3b2125618,947.8071576578557
e3ca0449fa,911.4128690906394
e44fea3bec,206.6398147563204
e45823afe1,2062.0228006400203
e46bc064f8,520.0738607961023
e46de7e1bc,1082.2399872520111
e4a6222cdb,4183.161179985518
e4a93f0332,3255.1810078582107
e4bb4c5173,1430.1420405679694
e53a0a2978,8534.873120179649
e56954b4f6,1100.993609473762
e5afb0f2db,940.9167449607776
e5b294b70c,3425.4042359928885
e60e81c4cb,547.7599073206649
e6cb2a3c14,953.1534985475871
e6d8545daa,229.4616195438401
e7023ba77a,301.02298596350886
e702e51da2,1499.5375048530173
e727fa59dd,4351.728180396114
e744f91c29,5202.207678768294
e7b24b112a,1404.9328439451351
e7e69cdf28,648.0005378831863
e7f8a7fb0b,1685.8311290859583
e816c635ca,2413.388302857254
e8258e5140,2246.125823944146
e836d813fd,2632.1315186555853
e8432fb72c,975.2455012421991
e8a642ed6a,360.5703912939893
e8aac01231,1086.3332415109148
e8b1cbd05f,113.41554445831196
e8d92f99ed,100.00701703225941
e8e0dd181e,1428.7700291007695
e8f2779682,685.3483742762721
e910a63844,237.30988506114926
e93028bdc1,1078.0062168169939
e945de21a1,624.4780384192387
e94f63f579,6341.828412907213
ea6b2efbdd,766.2864718074668
eaa52f3366,116.34612922913684
eb1e78328c,703.3084264410612
eb76c035d5,815.2281835144307
eba0dc302b,4015.510829372002
ebd6d2f5d6,222.66903727290506
ebf12cb74e,4543.414615170365
ec0f40c389,195.7068012847614
ec1f850d93,575.1084266061538
ec5decca5e,1567.602727102963
ec7f346604,3977.0417878310277
ec8b57b0be,555.1179449708526
ecf5631507,4788.222063733795
ed277964a8,320.029922749506
ed3d2c2199,6167.280449173277
eda80a3d5b,553.3375821594591
edb684859b,806.0367209564492
ee0e952492,308.22399607560106
ee16fa83c0,861.5794954325535
ee23e7ad9b,870.3883894620021
ee26fc66b1,1922.244111224651
eecca5b636,688.2595987445604
eefc9e10eb,300.1346629588394
ef2a4be547,2170.935111488804
ef35613fc5,301.4432267492708
ef41d48875,271.8129407912334
efd7e9ed0e,293.77446746809704
efdf562ce2,665.3860167730929
effc299a1a,937.6936058638273
f016f25df0,2077.752025861633
f023559c6d,584.4491214452049
f095cedd23,1944.2907951462937
f0b1d58798,798.714149450322
f0e52b27a7,849.0348897637416
f0f6ba4b5e,7.97923682514904
f0fcf351df,659.6756602541451
f12f2b34a0,3299.1197674694013
f15eda31a2,249.98868904768042
f1676935f9,16045.0460511163
f187a23c3e,3803.3767129058733
f18a6d1cde,5737.5886566188055
f1b0775946,3063.1164159084296
f1b6f2857f,3342.5439472518287
f21e255f89,1807.7860457115344
f2201f5191,466.3032481899139
f23b3df742,7303.959286814483
f26df67e81,4913.176845336344
f291e10ec3,308.7644111435578
f2b5e92f61,5850.555777654524
f2b93ce087,241.28748562139108
f2c3b258e9,323.9856108752382
f3175210f9,1726.0424505040821
f337d999d9,2810.0670661563136
f33ba15eff,1724.9784886284456
f340f1b1f6,631.8044636468442
f356355c16,1972.6222601986112
f39ae9ff3a,736.0698638138231
f3ac63c912,1522.321349977996
f3bd5ad57c,6086.074511962206
f3c89b7be3,195.73888937485836
f3d9de8646,591.8992158068784
f3f1b7fc5a,242.4902412807739
f40438b554,779.3921809303961
f40ee69498,202.6959172402328
f42c7f9c8a,1496.3504182095567
f471223d1a,210.21527801034958
f47330643a,238.18938262936769
f47d0ad31c,398.59683606363757
f48c04ffab,30910.719284136034
f4a4da9aa7,285.1930677000975
f4f6dce2f3,2551.548494453212
f516dfb84b,798.0527105294948
f52378e142,1902.7943677160547
f550e0ba9e,969.4242682960652
f55cadb97e,3070.7356803323846
f5deaeeae1,527.9670833472989
f61d694746,177.518574527912
f64eac11f2,2177.2664558825236
f73b76ce89,1133.354471439542
f74909ace6,943.1925393310743
f76a89f0cb,745.8047027348697
f7cade80b7,3394.9721267085783
f7cfdde9db,2324.0387735982417
f7e2b2b75b,1241.0601632054259
f80bf05527,290.36140729417696
f80ff32e08,584.5755361440215
f83630579d,971.3959225981364
f85454e827,319.949809630103
f87522788a,289.7011704572884
f87e955fd6,327.06848163667894
f8905bd3df,818.7965195454257
f8b932c70d,458.41420538597293
f8c1f23d6a,385.14964083348735
f8da71e562,1392.4773454132423
f8ea2e8463,283.46163289857554
f8f5161cf9,6595.895193306154
f90f2aca5c,7475.589562801605
f91e24dfe8,1452.593760003126
f92586a25b,131.22381659047826
f9b902fc32,509.2432996116556
f9fd2624be,1011.6759013036877
fa2431bf9d,3503.460663005829
fa7cdfad1a,604.8846905782619
fa84632d74,837.5545765120218
faa9afea49,8217.382790599033
fb0650ff38,1142.348146050111
fb2e203234,603.7675577560359
fb4c48608c,29761.62471047362
fb508ef074,350.4023544131122
fb60d411a5,901.6943146075015
fb89705ae6,5013.079261381294
fbfe5ba2ce,601.801740586645
fc22130974,4604.1163252733695
fc2c7c47b9,5418.489934460351
fc49306d97,304.3810542353723
fc6709bfdf,1186.6391326505973
fc76150735,184.61949446021976
fccb3cdc9a,3135.9701996431468
fcde14913c,5863.760764804096
fd4f21f255,594.9424458393751
fd69dbe29f,531.1178657684193
fd8c07a31f,3026.58719566308
fddd7938a7,635.0830821387707
fde9264cf3,242.8638866082585
fe40fb944e,4729.870686729586
fe51510c80,958.5649447761938
fe70c36866,718.0885223681902
fe7ecc4de2,6476.252053101039
fe8c15fed5,2898.1990899153016
fea9c11c4a,725.9049619216114
feade1d204,580.7526270752905
fec87a37cd,7922.901836914139
fec8d47d41,1009.4891481333459
feecee9f16,-7.461770059985473
ff1418e8cc,972.9964572828421
fface8385a,808.316236100711
ffbd6cbb01,10061.641548697957
ffeabd223d,70.78560114760867
ffeed84c7c,743.5509631157297
